date,DAYOFWEEK,DAYOFYEAR,WEEKOFYEAR,MONTHOFYEAR,SEASON,HOLIDAYN,HOLIDAY,WDWMEANTEMP,inSession,WEATHER_WDWPRECIP
2015-01-01,5,0,0,1,CHRISTMAS PEAK,nyd,1,66.41,0.0,0.12
2015-01-02,6,1,0,1,CHRISTMAS,,0,69.36,0.0,0.12
2015-01-03,7,2,0,1,CHRISTMAS,,0,75.22,0.0,0.07
2015-01-04,1,3,1,1,CHRISTMAS,,0,75.95,0.67,0.12
2015-01-05,2,4,1,1,CHRISTMAS,,0,64.6,0.67,0.12
2015-01-06,3,5,1,1,CHRISTMAS,,0,66.28,0.86,0.12
2015-01-07,4,6,1,1,CHRISTMAS,,0,57.9,0.88,0.12
2015-01-08,5,7,1,1,CHRISTMAS,,0,49.07,0.88,0.08
2015-01-09,6,8,1,1,CHRISTMAS,,0,50.13,0.88,0.11
2015-01-10,7,9,1,1,WINTER,,0,55.81,0.88,0.08
2015-01-11,1,10,2,1,WINTER,,0,65.12,0.94,0.08
2015-01-12,2,11,2,1,WINTER,,0,70.55,0.94,0.08
2015-01-13,3,12,2,1,WINTER,,0,68.44,0.94,0.12
2015-01-14,4,13,2,1,WINTER,,0,59.17,0.92,0.12
2015-01-15,5,14,2,1,MARTIN LUTHER KING JUNIOR DAY,,0,57.47,0.92,0.08
2015-01-16,6,15,2,1,MARTIN LUTHER KING JUNIOR DAY,,0,57.11,0.89,0.07
2015-01-17,7,16,2,1,MARTIN LUTHER KING JUNIOR DAY,,0,60.69,0.89,0.04
2015-01-18,1,17,3,1,MARTIN LUTHER KING JUNIOR DAY,,0,62.86,0.01,0.08
2015-01-19,2,18,3,1,MARTIN LUTHER KING JUNIOR DAY,mlk,1,58.38,0.01,0.08
2015-01-20,3,19,3,1,MARTIN LUTHER KING JUNIOR DAY,,0,60.21,0.92,0.12
2015-01-21,4,20,3,1,MARTIN LUTHER KING JUNIOR DAY,,0,64.18,0.95,0.08
2015-01-22,5,21,3,1,MARTIN LUTHER KING JUNIOR DAY,,0,66.12,0.95,0.08
2015-01-23,6,22,3,1,MARTIN LUTHER KING JUNIOR DAY,,0,70.12,0.93,0.08
2015-01-24,7,23,3,1,WINTER,,0,60.06,0.93,0.07
2015-01-25,1,24,4,1,WINTER,,0,53.53,0.9,0.08
2015-01-26,2,25,4,1,WINTER,,0,59.0,0.9,0.08
2015-01-27,3,26,4,1,WINTER,,0,55.17,0.94,0.08
2015-01-28,4,27,4,1,WINTER,,0,53.44,0.94,0.08
2015-01-29,5,28,4,1,WINTER,,0,56.84,0.94,0.08
2015-01-30,6,29,4,1,WINTER,,0,59.64,0.91,0.04
2015-01-31,7,30,4,1,WINTER,,0,58.92,0.91,0.08
2015-02-01,1,31,5,2,WINTER,sbs,1,61.02,0.93,0.04
2015-02-02,2,32,5,2,WINTER,,0,64.27,0.93,0.08
2015-02-03,3,33,5,2,WINTER,,0,55.29,0.95,0.04
2015-02-04,4,34,5,2,WINTER,,0,63.33,0.95,0.04
2015-02-05,5,35,5,2,WINTER,,0,58.51,0.94,0.04
2015-02-06,6,36,5,2,WINTER,,0,58.32,0.91,0.04
2015-02-07,7,37,5,2,WINTER,,0,60.05,0.91,0.03
2015-02-08,1,38,6,2,WINTER,,0,61.4,0.82,0.08
2015-02-09,2,39,6,2,WINTER,,0,62.78,0.82,0.08
2015-02-10,3,40,6,2,WINTER,,0,59.13,0.94,0.12
2015-02-11,4,41,6,2,WINTER,,0,57.21,0.92,0.08
2015-02-12,5,42,6,2,PRESIDENTS WEEK,,0,58.24,0.93,0.12
2015-02-13,6,43,6,2,PRESIDENTS WEEK,,0,52.44,0.85,0.12
2015-02-14,7,44,6,2,PRESIDENTS WEEK,val,1,51.87,0.85,0.11
2015-02-15,1,45,7,2,PRESIDENTS WEEK,,0,61.13,0.17,0.12
2015-02-16,2,46,7,2,PRESIDENTS WEEK,prs,1,61.48,0.17,0.12
2015-02-17,3,47,7,2,PRESIDENTS WEEK,mgs,1,68.63,0.82,0.12
2015-02-18,4,48,7,2,PRESIDENTS WEEK,ash,1,53.88,0.89,0.12
2015-02-19,5,49,7,2,PRESIDENTS WEEK,,0,45.19,0.9,0.11
2015-02-20,6,50,7,2,PRESIDENTS WEEK,,0,44.69,0.89,0.12
2015-02-21,7,51,7,2,PRESIDENTS WEEK,,0,56.84,0.89,0.16
2015-02-22,1,52,8,2,PRESIDENTS WEEK,,0,67.72,0.95,0.12
2015-02-23,2,53,8,2,WINTER,,0,70.36,0.95,0.12
2015-02-24,3,54,8,2,WINTER,,0,68.3,0.95,0.11
2015-02-25,4,55,8,2,WINTER,,0,66.49,0.94,0.12
2015-02-26,5,56,8,2,WINTER,,0,65.09,0.94,0.16
2015-02-27,6,57,8,2,WINTER,,0,54.99,0.92,0.16
2015-02-28,7,58,8,2,WINTER,,0,61.42,0.92,0.15
2015-03-01,1,59,9,3,SPRING,,0,71.54,0.94,0.15
2015-03-02,2,60,9,3,SPRING,,0,72.67,0.94,0.12
2015-03-03,3,61,9,3,SPRING,,0,72.99,0.94,0.12
2015-03-04,4,62,9,3,SPRING,,0,74.19,0.94,0.11
2015-03-05,5,63,9,3,SPRING,pur,1,76.03,0.94,0.12
2015-03-06,6,64,9,3,SPRING,,0,61.92,0.91,0.16
2015-03-07,7,65,9,3,SPRING,,0,59.87,0.91,0.16
2015-03-08,1,66,10,3,SPRING,,0,66.21,0.83,0.12
2015-03-09,2,67,10,3,SPRING,,0,69.99,0.83,0.15
2015-03-10,3,68,10,3,SPRING,,0,74.37,0.85,0.16
2015-03-11,4,69,10,3,SPRING,,0,77.95,0.84,0.12
2015-03-12,5,70,10,3,SPRING,,0,79.16,0.85,0.16
2015-03-13,6,71,10,3,SPRING,,0,75.78,0.79,0.07
2015-03-14,7,72,10,3,SPRING,,0,77.37,0.79,0.12
2015-03-15,1,73,11,3,SPRING,,0,77.21,0.81,0.12
2015-03-16,2,74,11,3,SPRING,,0,74.19,0.81,0.12
2015-03-17,3,75,11,3,SPRING,stp,1,74.63,0.82,0.16
2015-03-18,4,76,11,3,SPRING,,0,74.97,0.83,0.11
2015-03-19,5,77,11,3,SPRING,,0,77.18,0.82,0.12
2015-03-20,6,78,11,3,SPRING,,0,77.47,0.77,0.12
2015-03-21,7,79,11,3,SPRING,,0,76.85,0.77,0.12
2015-03-22,1,80,12,3,SPRING,,0,77.65,0.81,0.12
2015-03-23,2,81,12,3,SPRING,,0,73.31,0.81,0.12
2015-03-24,3,82,12,3,SPRING,,0,71.32,0.82,0.11
2015-03-25,4,83,12,3,SPRING,,0,70.96,0.82,0.12
2015-03-26,5,84,12,3,SPRING,,0,75.38,0.81,0.12
2015-03-27,6,85,12,3,EASTER,,0,72.4,0.76,0.12
2015-03-28,7,86,12,3,EASTER,,0,60.69,0.76,0.12
2015-03-29,1,87,13,3,EASTER,,0,59.68,0.67,0.07
2015-03-30,2,88,13,3,EASTER,,0,61.16,0.67,0.12
2015-03-31,3,89,13,3,EASTER,chv,1,70.54,0.7,0.08
2015-04-01,4,90,13,4,EASTER,,0,73.16,0.69,0.12
2015-04-02,5,91,13,4,EASTER,,0,73.8,0.67,0.12
2015-04-03,6,92,13,4,EASTER,gfr,1,75.22,0.28,0.12
2015-04-04,7,93,13,4,EASTER,pas,1,74.97,0.28,0.07
2015-04-05,1,94,14,4,EASTER,ess,1,73.62,0.61,0.12
2015-04-06,2,95,14,4,EASTER,esm,1,75.03,0.61,0.08
2015-04-07,3,96,14,4,EASTER,,0,75.75,0.7,0.08
2015-04-08,4,97,14,4,EASTER,,0,76.09,0.71,0.08
2015-04-09,5,98,14,4,EASTER,,0,76.0,0.71,0.08
2015-04-10,6,99,14,4,EASTER,,0,77.25,0.71,0.08
2015-04-11,7,100,14,4,EASTER,,0,79.53,0.71,0.08
2015-04-12,1,101,15,4,EASTER,,0,76.97,0.9,0.03
2015-04-13,2,102,15,4,EASTER,,0,78.4,0.9,0.08
2015-04-14,3,103,15,4,EASTER,,0,77.8,0.91,0.08
2015-04-15,4,104,15,4,SPRING,,0,79.37,0.91,0.04
2015-04-16,5,105,15,4,SPRING,,0,78.1,0.91,0.04
2015-04-17,6,106,15,4,SPRING,,0,76.75,0.87,0.12
2015-04-18,7,107,15,4,SPRING,,0,79.34,0.87,0.08
2015-04-19,1,108,16,4,SPRING,,0,81.55,0.91,0.08
2015-04-20,2,109,16,4,SPRING,,0,75.12,0.91,0.08
2015-04-21,3,110,16,4,SPRING,,0,76.83,0.93,0.07
2015-04-22,4,111,16,4,SPRING,,0,78.63,0.93,0.12
2015-04-23,5,112,16,4,SPRING,,0,75.74,0.93,0.08
2015-04-24,6,113,16,4,SPRING,,0,78.29,0.89,0.12
2015-04-25,7,114,16,4,SPRING,,0,78.93,0.89,0.08
2015-04-26,1,115,17,4,SPRING,,0,82.22,0.94,0.08
2015-04-27,2,116,17,4,SPRING,,0,77.39,0.94,0.11
2015-04-28,3,117,17,4,SPRING,,0,75.28,0.94,0.08
2015-04-29,4,118,17,4,SPRING,,0,78.22,0.93,0.08
2015-04-30,5,119,17,4,SPRING,,0,73.94,0.94,0.04
2015-05-01,6,120,17,5,SPRING,,0,72.23,0.93,0.08
2015-05-02,7,121,17,5,SPRING,,0,71.11,0.93,0.04
2015-05-03,1,122,18,5,SPRING,,0,71.24,0.94,0.04
2015-05-04,2,123,18,5,SPRING,,0,72.44,0.94,0.04
2015-05-05,3,124,18,5,SPRING,cdm,1,74.13,0.94,0.04
2015-05-06,4,125,18,5,SPRING,,0,75.63,0.94,0.08
2015-05-07,5,126,18,5,SPRING,,0,76.59,0.95,0.07
2015-05-08,6,127,18,5,SPRING,,0,75.41,0.94,0.04
2015-05-09,7,128,18,5,SPRING,,0,79.72,0.94,0.08
2015-05-10,1,129,19,5,SPRING,mot,1,80.8,0.94,0.08
2015-05-11,2,130,19,5,SPRING,,0,81.18,0.94,0.08
2015-05-12,3,131,19,5,SPRING,,0,80.21,0.95,0.12
2015-05-13,4,132,19,5,SPRING,,0,81.47,0.95,0.08
2015-05-14,5,133,19,5,SPRING,,0,80.77,0.95,0.08
2015-05-15,6,134,19,5,SPRING,,0,78.29,0.94,0.11
2015-05-16,7,135,19,5,SPRING,,0,77.93,0.94,0.08
2015-05-17,1,136,20,5,SPRING,,0,79.63,0.94,0.08
2015-05-18,2,137,20,5,SPRING,,0,78.43,0.94,0.08
2015-05-19,3,138,20,5,SPRING,,0,80.91,0.93,0.12
2015-05-20,4,139,20,5,SPRING,,0,82.35,0.94,0.08
2015-05-21,5,140,20,5,SPRING,,0,81.77,0.92,0.12
2015-05-22,6,141,20,5,SPRING,,0,83.58,0.87,0.11
2015-05-23,7,142,20,5,MEMORIAL DAY,,0,81.92,0.87,0.12
2015-05-24,1,143,21,5,MEMORIAL DAY,svt,1,81.35,0.01,0.16
2015-05-25,2,144,21,5,MEMORIAL DAY,mem,1,80.59,0.01,0.12
2015-05-26,3,145,21,5,MEMORIAL DAY,,0,82.78,0.85,0.15
2015-05-27,4,146,21,5,SPRING,,0,80.35,0.85,0.16
2015-05-28,5,147,21,5,SPRING,,0,78.26,0.81,0.16
2015-05-29,6,148,21,5,SPRING,,0,77.42,0.79,0.2
2015-05-30,7,149,21,5,SPRING,,0,80.81,0.79,0.19
2015-05-31,1,150,22,5,SPRING,,0,80.08,0.75,0.2
2015-06-01,2,151,22,6,SPRING,,0,81.42,0.75,0.2
2015-06-02,3,152,22,6,SPRING,,0,75.83,0.75,0.24
2015-06-03,4,153,22,6,SPRING,,0,76.74,0.71,0.27
2015-06-04,5,154,22,6,SPRING,,0,78.66,0.67,0.28
2015-06-05,6,155,22,6,SPRING,,0,80.26,0.53,0.23
2015-06-06,7,156,22,6,SPRING,,0,78.79,0.53,0.28
2015-06-07,1,157,23,6,SPRING,,0,79.58,0.44,0.27
2015-06-08,2,158,23,6,SPRING,,0,80.02,0.44,0.28
2015-06-09,3,159,23,6,SPRING,,0,81.44,0.43,0.28
2015-06-10,4,160,23,6,SPRING,,0,77.57,0.41,0.27
2015-06-11,5,161,23,6,SPRING,,0,79.51,0.39,0.32
2015-06-12,6,162,23,6,SPRING,,0,80.93,0.35,0.27
2015-06-13,7,163,23,6,SPRING,,0,83.81,0.35,0.32
2015-06-14,1,164,24,6,SPRING,,0,83.06,0.3,0.31
2015-06-15,2,165,24,6,SPRING,,0,82.91,0.3,0.32
2015-06-16,3,166,24,6,SPRING,,0,84.22,0.28,0.31
2015-06-17,4,167,24,6,SPRING,,0,82.92,0.26,0.32
2015-06-18,5,168,24,6,SPRING,,0,85.59,0.24,0.31
2015-06-19,6,169,24,6,SPRING,,0,85.35,0.21,0.32
2015-06-20,7,170,24,6,SPRING,,0,81.8,0.21,0.35
2015-06-21,1,171,25,6,SPRING,fat,1,82.25,0.17,0.32
2015-06-22,2,172,25,6,SPRING,,0,86.37,0.17,0.31
2015-06-23,3,173,25,6,SPRING,,0,84.25,0.16,0.28
2015-06-24,4,174,25,6,SPRING,,0,82.8,0.16,0.31
2015-06-25,5,175,25,6,SPRING,,0,81.96,0.16,0.28
2015-06-26,6,176,25,6,SPRING,,0,82.24,0.16,0.27
2015-06-27,7,177,25,6,SPRING,,0,83.28,0.16,0.28
2015-06-28,1,178,26,6,SPRING,,0,83.72,0.09,0.27
2015-06-29,2,179,26,6,SPRING,,0,80.96,0.09,0.28
2015-06-30,3,180,26,6,SPRING,,0,83.78,0.09,0.31
2015-07-01,4,181,26,7,SUMMER BREAK,,0,83.86,0.05,0.28
2015-07-02,5,182,26,7,JULY 4TH,,0,82.63,0.05,0.28
2015-07-03,6,183,26,7,JULY 4TH,,0,82.67,0.02,0.27
2015-07-04,7,184,26,7,JULY 4TH,ind,1,82.92,0.02,0.28
2015-07-05,1,185,27,7,JULY 4TH,,0,82.67,0.06,0.27
2015-07-06,2,186,27,7,JULY 4TH,,0,81.54,0.06,0.28
2015-07-07,3,187,27,7,SUMMER BREAK,,0,80.0,0.09,0.27
2015-07-08,4,188,27,7,SUMMER BREAK,,0,81.63,0.09,0.28
2015-07-09,5,189,27,7,SUMMER BREAK,,0,83.66,0.09,0.24
2015-07-10,6,190,27,7,SUMMER BREAK,,0,83.52,0.09,0.27
2015-07-11,7,191,27,7,SUMMER BREAK,,0,84.75,0.09,0.24
2015-07-12,1,192,28,7,SUMMER BREAK,,0,84.02,0.1,0.23
2015-07-13,2,193,28,7,SUMMER BREAK,,0,84.07,0.1,0.24
2015-07-14,3,194,28,7,SUMMER BREAK,,0,83.8,0.12,0.2
2015-07-15,4,195,28,7,SUMMER BREAK,,0,83.73,0.12,0.23
2015-07-16,5,196,28,7,SUMMER BREAK,,0,81.52,0.14,0.2
2015-07-17,6,197,28,7,SUMMER BREAK,,0,81.54,0.14,0.2
2015-07-18,7,198,28,7,SUMMER BREAK,,0,81.65,0.14,0.19
2015-07-19,1,199,29,7,SUMMER BREAK,,0,83.25,0.16,0.2
2015-07-20,2,200,29,7,SUMMER BREAK,,0,82.87,0.16,0.2
2015-07-21,3,201,29,7,SUMMER BREAK,,0,82.65,0.16,0.19
2015-07-22,4,202,29,7,SUMMER BREAK,,0,82.94,0.15,0.24
2015-07-23,5,203,29,7,SUMMER BREAK,,0,84.56,0.16,0.2
2015-07-24,6,204,29,7,SUMMER BREAK,,0,81.75,0.12,0.23
2015-07-25,7,205,29,7,SUMMER BREAK,,0,80.69,0.12,0.24
2015-07-26,1,206,30,7,SUMMER BREAK,,0,82.17,0.17,0.24
2015-07-27,2,207,30,7,SUMMER BREAK,,0,80.71,0.17,0.19
2015-07-28,3,208,30,7,SUMMER BREAK,,0,80.6,0.17,0.2
2015-07-29,4,209,30,7,SUMMER BREAK,,0,82.4,0.18,0.2
2015-07-30,5,210,30,7,SUMMER BREAK,,0,82.81,0.18,0.19
2015-07-31,6,211,30,7,SUMMER BREAK,,0,80.89,0.18,0.2
2015-08-01,7,212,30,8,SUMMER BREAK,,0,79.96,0.18,0.2
2015-08-02,1,213,31,8,SUMMER BREAK,,0,77.11,0.21,0.28
2015-08-03,2,214,31,8,SUMMER BREAK,,0,78.1,0.21,0.23
2015-08-04,3,215,31,8,SUMMER BREAK,,0,81.9,0.22,0.24
2015-08-05,4,216,31,8,SUMMER BREAK,,0,83.07,0.25,0.23
2015-08-06,5,217,31,8,SUMMER BREAK,,0,83.11,0.26,0.24
2015-08-07,6,218,31,8,SUMMER BREAK,,0,81.99,0.26,0.28
2015-08-08,7,219,31,8,SUMMER BREAK,,0,80.9,0.26,0.23
2015-08-09,1,220,32,8,SUMMER BREAK,,0,83.7,0.33,0.24
2015-08-10,2,221,32,8,SUMMER BREAK,,0,83.93,0.33,0.27
2015-08-11,3,222,32,8,SUMMER BREAK,,0,83.85,0.36,0.24
2015-08-12,4,223,32,8,SUMMER BREAK,,0,84.85,0.39,0.24
2015-08-13,5,224,32,8,SUMMER BREAK,,0,80.48,0.42,0.23
2015-08-14,6,225,32,8,SUMMER BREAK,,0,80.81,0.42,0.24
2015-08-15,7,226,32,8,SUMMER BREAK,,0,80.51,0.42,0.27
2015-08-16,1,227,33,8,SUMMER BREAK,,0,81.22,0.42,0.24
2015-08-17,2,228,33,8,SUMMER BREAK,,0,83.45,0.42,0.28
2015-08-18,3,229,33,8,SUMMER BREAK,,0,83.76,0.44,0.23
2015-08-19,4,230,33,8,SUMMER BREAK,,0,84.41,0.46,0.28
2015-08-20,5,231,33,8,SUMMER BREAK,,0,83.39,0.46,0.23
2015-08-21,6,232,33,8,SUMMER BREAK,,0,84.45,0.45,0.24
2015-08-22,7,233,33,8,SUMMER BREAK,,0,85.54,0.45,0.28
2015-08-23,1,234,34,8,SUMMER BREAK,,0,85.2,0.74,0.23
2015-08-24,2,235,34,8,SUMMER BREAK,,0,82.2,0.74,0.28
2015-08-25,3,236,34,8,SEPTEMBER LOW,,0,85.19,0.78,0.23
2015-08-26,4,237,34,8,SEPTEMBER LOW,,0,83.2,0.79,0.28
2015-08-27,5,238,34,8,SEPTEMBER LOW,,0,77.78,0.81,0.28
2015-08-28,6,239,34,8,SEPTEMBER LOW,,0,81.61,0.8,0.23
2015-08-29,7,240,34,8,SEPTEMBER LOW,,0,81.59,0.8,0.28
2015-08-30,1,241,35,8,SEPTEMBER LOW,,0,79.86,0.83,0.23
2015-08-31,2,242,35,8,SEPTEMBER LOW,,0,82.44,0.83,0.28
2015-09-01,3,243,35,9,SEPTEMBER LOW,,0,83.06,0.84,0.27
2015-09-02,4,244,35,9,SEPTEMBER LOW,,0,85.01,0.87,0.24
2015-09-03,5,245,35,9,SEPTEMBER LOW,,0,84.0,0.87,0.23
2015-09-04,6,246,35,9,SEPTEMBER LOW,,0,82.26,0.84,0.24
2015-09-05,7,247,35,9,SEPTEMBER LOW,,0,81.27,0.84,0.2
2015-09-06,1,248,36,9,SEPTEMBER LOW,,0,82.08,0.0,0.23
2015-09-07,2,249,36,9,SEPTEMBER LOW,lab,1,80.0,0.0,0.24
2015-09-08,3,250,36,9,SEPTEMBER LOW,,0,81.89,0.94,0.23
2015-09-09,4,251,36,9,SEPTEMBER LOW,,0,82.98,0.96,0.24
2015-09-10,5,252,36,9,SEPTEMBER LOW,,0,84.24,0.96,0.24
2015-09-11,6,253,36,9,SEPTEMBER LOW,,0,84.39,0.96,0.23
2015-09-12,7,254,36,9,SEPTEMBER LOW,,0,81.32,0.96,0.24
2015-09-13,1,255,37,9,SEPTEMBER LOW,,0,76.96,0.84,0.24
2015-09-14,2,256,37,9,SEPTEMBER LOW,rha,1,79.11,0.84,0.19
2015-09-15,3,257,37,9,SEPTEMBER LOW,,0,80.75,0.93,0.24
2015-09-16,4,258,37,9,SEPTEMBER LOW,,0,78.73,0.94,0.2
2015-09-17,5,259,37,9,SEPTEMBER LOW,,0,76.88,0.95,0.19
2015-09-18,6,260,37,9,SEPTEMBER LOW,,0,80.06,0.95,0.2
2015-09-19,7,261,37,9,SEPTEMBER LOW,,0,81.04,0.95,0.2
2015-09-20,1,262,38,9,SEPTEMBER LOW,,0,82.51,0.94,0.19
2015-09-21,2,263,38,9,SEPTEMBER LOW,,0,81.04,0.94,0.16
2015-09-22,3,264,38,9,FALL,,0,80.69,0.94,0.16
2015-09-23,4,265,38,9,FALL,ymk,1,80.97,0.82,0.16
2015-09-24,5,266,38,9,FALL,,0,80.0,0.93,0.19
2015-09-25,6,267,38,9,FALL,,0,80.66,0.85,0.16
2015-09-26,7,268,38,9,FALL,,0,80.28,0.85,0.2
2015-09-27,1,269,39,9,FALL,,0,82.56,0.92,0.15
2015-09-28,2,270,39,9,FALL,suk,1,81.32,0.92,0.16
2015-09-29,3,271,39,9,FALL,,0,78.24,0.95,0.2
2015-09-30,4,272,39,9,FALL,,0,82.99,0.95,0.12
2015-10-01,5,273,39,10,FALL,,0,83.27,0.95,0.15
2015-10-02,6,274,39,10,FALL,,0,81.4,0.91,0.16
2015-10-03,7,275,39,10,FALL,,0,77.22,0.91,0.12
2015-10-04,1,276,40,10,FALL,,0,70.87,0.92,0.15
2015-10-05,2,277,40,10,FALL,sha,1,73.46,0.92,0.16
2015-10-06,3,278,40,10,FALL,,0,75.1,0.92,0.12
2015-10-07,4,279,40,10,FALL,,0,75.88,0.92,0.12
2015-10-08,5,280,40,10,FALL,,0,77.54,0.89,0.11
2015-10-09,6,281,40,10,FALL,,0,79.97,0.81,0.12
2015-10-10,7,282,40,10,COLUMBUS DAY,,0,79.34,0.81,0.12
2015-10-11,1,283,41,10,COLUMBUS DAY,,0,77.88,0.71,0.16
2015-10-12,2,284,41,10,COLUMBUS DAY,col,1,74.3,0.71,0.12
2015-10-13,3,285,41,10,COLUMBUS DAY,,0,74.4,0.9,0.11
2015-10-14,4,286,41,10,FALL,,0,78.82,0.9,0.08
2015-10-15,5,287,41,10,FALL,utc,1,76.85,0.82,0.12
2015-10-16,6,288,41,10,FALL,utc,1,74.14,0.77,0.12
2015-10-17,7,289,41,10,FALL,,0,75.09,0.77,0.12
2015-10-18,1,290,42,10,FALL,,0,75.19,0.9,0.08
2015-10-19,2,291,42,10,FALL,,0,71.97,0.9,0.11
2015-10-20,3,292,42,10,FALL,,0,73.5,0.93,0.12
2015-10-21,4,293,42,10,FALL,,0,75.03,0.92,0.08
2015-10-22,5,294,42,10,FALL,,0,76.44,0.92,0.12
2015-10-23,6,295,42,10,FALL,,0,76.9,0.85,0.08
2015-10-24,7,296,42,10,FALL,,0,73.9,0.85,0.08
2015-10-25,1,297,43,10,FALL,,0,77.11,0.89,0.08
2015-10-26,2,298,43,10,FALL,,0,76.09,0.89,0.07
2015-10-27,3,299,43,10,FALL,,0,74.5,0.92,0.08
2015-10-28,4,300,43,10,HALLOWEEN,,0,76.93,0.91,0.08
2015-10-29,5,301,43,10,HALLOWEEN,,0,76.87,0.92,0.04
2015-10-30,6,302,43,10,HALLOWEEN,nvd,1,73.97,0.85,0.12
2015-10-31,7,303,43,10,JERSEY WEEK,hal,1,75.14,0.85,0.08
2015-11-01,1,304,44,11,JERSEY WEEK,,0,77.81,0.89,0.08
2015-11-02,2,305,44,11,JERSEY WEEK,,0,81.08,0.89,0.08
2015-11-03,3,306,44,11,JERSEY WEEK,elc,1,81.46,0.87,0.12
2015-11-04,4,307,44,11,JERSEY WEEK,,0,79.8,0.96,0.11
2015-11-05,5,308,44,11,JERSEY WEEK,njc,1,80.28,0.96,0.08
2015-11-06,6,309,44,11,JERSEY WEEK,njc,1,79.01,0.93,0.12
2015-11-07,7,310,44,11,JERSEY WEEK,,0,78.8,0.93,0.08
2015-11-08,1,311,45,11,JERSEY WEEK,,0,79.19,0.95,0.08
2015-11-09,2,312,45,11,JERSEY WEEK,,0,81.64,0.95,0.08
2015-11-10,3,313,45,11,FALL,,0,77.82,0.96,0.08
2015-11-11,4,314,45,11,FALL,vet,1,75.94,0.44,0.08
2015-11-12,5,315,45,11,FALL,,0,75.29,0.96,0.03
2015-11-13,6,316,45,11,FALL,,0,75.1,0.93,0.08
2015-11-14,7,317,45,11,FALL,,0,69.51,0.93,0.08
2015-11-15,1,318,46,11,FALL,,0,71.23,0.96,0.08
2015-11-16,2,319,46,11,FALL,,0,73.34,0.96,0.08
2015-11-17,3,320,46,11,FALL,,0,76.37,0.96,0.08
2015-11-18,4,321,46,11,FALL,,0,78.23,0.96,0.04
2015-11-19,5,322,46,11,FALL,,0,77.96,0.96,0.08
2015-11-20,6,323,46,11,THANKSGIVING,,0,77.24,0.96,0.08
2015-11-21,7,324,46,11,THANKSGIVING,,0,73.57,0.96,0.03
2015-11-22,1,325,47,11,THANKSGIVING,,0,69.4,0.54,0.08
2015-11-23,2,326,47,11,THANKSGIVING,,0,57.73,0.54,0.08
2015-11-24,3,327,47,11,THANKSGIVING,,0,62.41,0.53,0.08
2015-11-25,4,328,47,11,THANKSGIVING,,0,69.25,0.13,0.08
2015-11-26,5,329,47,11,THANKSGIVING,thk,1,72.55,0.0,0.08
2015-11-27,6,330,47,11,THANKSGIVING,,0,71.42,0.0,0.08
2015-11-28,7,331,47,11,THANKSGIVING,,0,71.69,0.0,0.08
2015-11-29,1,332,48,11,THANKSGIVING,,0,69.85,0.96,0.11
2015-11-30,2,333,48,11,THANKSGIVING,,0,72.37,0.96,0.08
2015-12-01,3,334,48,12,THANKSGIVING,,0,72.57,0.96,0.08
2015-12-02,4,335,48,12,WINTER,,0,74.53,0.96,0.08
2015-12-03,5,336,48,12,WINTER,,0,65.14,0.96,0.08
2015-12-04,6,337,48,12,WINTER,,0,69.13,0.96,0.08
2015-12-05,7,338,48,12,WINTER,,0,72.25,0.96,0.07
2015-12-06,1,339,49,12,WINTER,,0,72.25,0.96,0.08
2015-12-07,2,340,49,12,WINTER,han,1,65.32,0.96,0.08
2015-12-08,3,341,49,12,WINTER,,0,65.83,0.96,0.08
2015-12-09,4,342,49,12,WINTER,,0,68.59,0.96,0.12
2015-12-10,5,343,49,12,WINTER,,0,69.9,0.96,0.08
2015-12-11,6,344,49,12,WINTER,,0,67.88,0.96,0.08
2015-12-12,7,345,49,12,WINTER,,0,71.94,0.96,0.08
2015-12-13,1,346,50,12,WINTER,,0,71.69,0.93,0.07
2015-12-14,2,347,50,12,WINTER,,0,75.31,0.93,0.08
2015-12-15,3,348,50,12,WINTER,,0,74.21,0.94,0.12
2015-12-16,4,349,50,12,WINTER,,0,75.04,0.94,0.08
2015-12-17,5,350,50,12,WINTER,,0,76.58,0.92,0.08
2015-12-18,6,351,50,12,CHRISTMAS,,0,66.3,0.87,0.12
2015-12-19,7,352,50,12,CHRISTMAS,,0,57.03,0.87,0.11
2015-12-20,1,353,51,12,CHRISTMAS,,0,62.59,0.13,0.08
2015-12-21,2,354,51,12,CHRISTMAS,,0,68.96,0.13,0.12
2015-12-22,3,355,51,12,CHRISTMAS,,0,75.04,0.12,0.08
2015-12-23,4,356,51,12,CHRISTMAS,,0,75.53,0.06,0.12
2015-12-24,5,357,51,12,CHRISTMAS,cme,1,75.97,0.01,0.08
2015-12-25,6,358,51,12,CHRISTMAS,cmd,1,77.58,0.0,0.08
2015-12-26,7,359,51,12,CHRISTMAS,,0,75.22,0.0,0.07
2015-12-27,1,360,52,12,CHRISTMAS PEAK,,0,75.08,0.0,0.08
2015-12-28,2,361,52,12,CHRISTMAS PEAK,,0,76.72,0.0,0.08
2015-12-29,3,362,52,12,CHRISTMAS PEAK,,0,77.57,0.0,0.08
2015-12-30,4,363,52,12,CHRISTMAS PEAK,,0,76.07,0.0,0.04
2015-12-31,5,364,52,12,CHRISTMAS PEAK,nye,1,76.51,0.0,0.08
2016-01-01,6,0,0,1,CHRISTMAS PEAK,nyd,1,75.26,0.0,0.12
2016-01-02,7,1,0,1,CHRISTMAS,,0,66.35,0.0,0.12
2016-01-03,1,2,1,1,CHRISTMAS,,0,55.46,0.65,0.07
2016-01-04,2,3,1,1,CHRISTMAS,,0,56.75,0.65,0.12
2016-01-05,3,4,1,1,CHRISTMAS,,0,59.55,0.85,0.12
2016-01-06,4,5,1,1,CHRISTMAS,,0,61.41,0.89,0.12
2016-01-07,5,6,1,1,CHRISTMAS,,0,64.75,0.89,0.12
2016-01-08,6,7,1,1,CHRISTMAS,,0,65.86,0.87,0.08
2016-01-09,7,8,1,1,CHRISTMAS,,0,65.37,0.87,0.11
2016-01-10,1,9,2,1,WINTER,,0,62.72,0.96,0.08
2016-01-11,2,10,2,1,WINTER,,0,52.11,0.96,0.08
2016-01-12,3,11,2,1,WINTER,,0,54.66,0.96,0.08
2016-01-13,4,12,2,1,WINTER,,0,53.77,0.95,0.12
2016-01-14,5,13,2,1,MARTIN LUTHER KING JUNIOR DAY,,0,58.78,0.96,0.12
2016-01-15,6,14,2,1,MARTIN LUTHER KING JUNIOR DAY,,0,67.46,0.9,0.08
2016-01-16,7,15,2,1,MARTIN LUTHER KING JUNIOR DAY,,0,65.39,0.9,0.07
2016-01-17,1,16,3,1,MARTIN LUTHER KING JUNIOR DAY,,0,60.1,0.0,0.04
2016-01-18,2,17,3,1,MARTIN LUTHER KING JUNIOR DAY,mlk,1,52.24,0.0,0.08
2016-01-19,3,18,3,1,MARTIN LUTHER KING JUNIOR DAY,,0,48.66,0.91,0.08
2016-01-20,4,19,3,1,MARTIN LUTHER KING JUNIOR DAY,,0,52.39,0.96,0.12
2016-01-21,5,20,3,1,MARTIN LUTHER KING JUNIOR DAY,,0,57.52,0.96,0.08
2016-01-22,6,21,3,1,MARTIN LUTHER KING JUNIOR DAY,,0,62.91,0.93,0.08
2016-01-23,7,22,3,1,WINTER,,0,49.58,0.93,0.08
2016-01-24,1,23,4,1,WINTER,,0,44.43,0.91,0.07
2016-01-25,2,24,4,1,WINTER,,0,53.05,0.91,0.08
2016-01-26,3,25,4,1,WINTER,,0,62.61,0.94,0.08
2016-01-27,4,26,4,1,WINTER,,0,64.92,0.96,0.08
2016-01-28,5,27,4,1,WINTER,,0,63.5,0.96,0.08
2016-01-29,6,28,4,1,WINTER,,0,57.67,0.96,0.08
2016-01-30,7,29,4,1,WINTER,,0,58.96,0.96,0.04
2016-01-31,1,30,5,1,WINTER,,0,62.66,0.94,0.08
2016-02-01,2,31,5,2,WINTER,,0,71.34,0.94,0.04
2016-02-02,3,32,5,2,WINTER,,0,72.43,0.96,0.08
2016-02-03,4,33,5,2,WINTER,,0,75.12,0.96,0.04
2016-02-04,5,34,5,2,WINTER,,0,68.68,0.96,0.04
2016-02-05,6,35,5,2,WINTER,,0,53.1,0.93,0.04
2016-02-06,7,36,5,2,WINTER,,0,56.91,0.93,0.04
2016-02-07,1,37,6,2,MARDI GRAS,sbs,1,51.93,0.83,0.03
2016-02-08,2,38,6,2,MARDI GRAS,,0,52.67,0.83,0.08
2016-02-09,3,39,6,2,MARDI GRAS,mgs,1,53.58,0.95,0.08
2016-02-10,4,40,6,2,MARDI GRAS,ash,1,50.66,0.95,0.12
2016-02-11,5,41,6,2,PRESIDENTS WEEK,,0,51.75,0.95,0.08
2016-02-12,6,42,6,2,PRESIDENTS WEEK,,0,59.64,0.87,0.12
2016-02-13,7,43,6,2,PRESIDENTS WEEK,,0,59.94,0.87,0.12
2016-02-14,1,44,7,2,PRESIDENTS WEEK,val,1,57.56,0.1,0.11
2016-02-15,2,45,7,2,PRESIDENTS WEEK,prs,1,63.61,0.1,0.12
2016-02-16,3,46,7,2,PRESIDENTS WEEK,,0,67.31,0.84,0.12
2016-02-17,4,47,7,2,PRESIDENTS WEEK,,0,61.95,0.91,0.12
2016-02-18,5,48,7,2,PRESIDENTS WEEK,,0,62.09,0.92,0.12
2016-02-19,6,49,7,2,PRESIDENTS WEEK,,0,62.78,0.91,0.11
2016-02-20,7,50,7,2,PRESIDENTS WEEK,,0,63.12,0.91,0.12
2016-02-21,1,51,8,2,PRESIDENTS WEEK,,0,64.72,0.96,0.16
2016-02-22,2,52,8,2,WINTER,,0,68.02,0.96,0.12
2016-02-23,3,53,8,2,WINTER,,0,70.45,0.96,0.12
2016-02-24,4,54,8,2,WINTER,,0,69.93,0.96,0.11
2016-02-25,5,55,8,2,WINTER,,0,58.14,0.96,0.12
2016-02-26,6,56,8,2,WINTER,,0,55.18,0.92,0.16
2016-02-27,7,57,8,2,WINTER,,0,55.5,0.92,0.16
2016-02-28,1,58,9,2,WINTER,,0,58.37,0.94,0.15
2016-02-29,2,59,9,2,WINTER,,0,64.83,0.94,0.15
2016-03-01,3,60,9,3,SPRING,,0,67.46,0.94,0.12
2016-03-02,4,61,9,3,SPRING,,0,70.32,0.96,0.12
2016-03-03,5,62,9,3,SPRING,,0,67.98,0.96,0.11
2016-03-04,6,63,9,3,SPRING,,0,65.82,0.93,0.12
2016-03-05,7,64,9,3,SPRING,,0,63.24,0.93,0.16
2016-03-06,1,65,10,3,SPRING,,0,64.02,0.9,0.16
2016-03-07,2,66,10,3,SPRING,,0,65.11,0.9,0.12
2016-03-08,3,67,10,3,SPRING,,0,68.14,0.91,0.15
2016-03-09,4,68,10,3,SPRING,,0,71.35,0.91,0.16
2016-03-10,5,69,10,3,SPRING,,0,73.33,0.89,0.12
2016-03-11,6,70,10,3,SPRING,,0,72.3,0.87,0.16
2016-03-12,7,71,10,3,SPRING,,0,72.55,0.87,0.07
2016-03-13,1,72,11,3,SPRING,,0,75.13,0.78,0.12
2016-03-14,2,73,11,3,SPRING,,0,78.3,0.78,0.12
2016-03-15,3,74,11,3,SPRING,,0,78.54,0.78,0.12
2016-03-16,4,75,11,3,SPRING,,0,77.58,0.77,0.16
2016-03-17,5,76,11,3,SPRING,stp,1,76.93,0.77,0.11
2016-03-18,6,77,11,3,EASTER,,0,74.16,0.66,0.12
2016-03-19,7,78,11,3,EASTER,,0,71.64,0.66,0.12
2016-03-20,1,79,12,3,EASTER,,0,73.4,0.74,0.12
2016-03-21,2,80,12,3,EASTER,,0,57.78,0.74,0.12
2016-03-22,3,81,12,3,EASTER,,0,59.98,0.74,0.12
2016-03-23,4,82,12,3,EASTER,,0,66.04,0.74,0.11
2016-03-24,5,83,12,3,EASTER,pur,1,69.71,0.69,0.12
2016-03-25,6,84,12,3,EASTER,gfr,1,70.97,0.35,0.12
2016-03-26,7,85,12,3,EASTER,,0,76.67,0.35,0.12
2016-03-27,1,86,13,3,EASTER,ess,1,79.06,0.53,0.12
2016-03-28,2,87,13,3,EASTER,esm,1,76.54,0.53,0.07
2016-03-29,3,88,13,3,EASTER,,0,72.72,0.63,0.12
2016-03-30,4,89,13,3,EASTER,,0,72.73,0.65,0.08
2016-03-31,5,90,13,3,EASTER,chv,1,77.51,0.64,0.12
2016-04-01,6,91,13,4,EASTER,,0,79.58,0.63,0.12
2016-04-02,7,92,13,4,EASTER,,0,74.47,0.63,0.12
2016-04-03,1,93,14,4,EASTER,,0,67.55,0.82,0.07
2016-04-04,2,94,14,4,EASTER,,0,69.57,0.82,0.12
2016-04-05,3,95,14,4,EASTER,,0,71.45,0.83,0.08
2016-04-06,4,96,14,4,SPRING,,0,69.89,0.85,0.08
2016-04-07,5,97,14,4,SPRING,,0,72.09,0.86,0.08
2016-04-08,6,98,14,4,SPRING,,0,73.03,0.83,0.08
2016-04-09,7,99,14,4,SPRING,,0,67.81,0.83,0.08
2016-04-10,1,100,15,4,SPRING,,0,67.21,0.91,0.08
2016-04-11,2,101,15,4,SPRING,,0,69.72,0.91,0.03
2016-04-12,3,102,15,4,SPRING,,0,70.81,0.92,0.08
2016-04-13,4,103,15,4,SPRING,,0,73.68,0.92,0.08
2016-04-14,5,104,15,4,SPRING,,0,75.46,0.92,0.04
2016-04-15,6,105,15,4,SPRING,,0,73.83,0.91,0.04
2016-04-16,7,106,15,4,SPRING,,0,72.02,0.91,0.12
2016-04-17,1,107,16,4,SPRING,,0,70.35,0.91,0.08
2016-04-18,2,108,16,4,SPRING,,0,70.14,0.91,0.08
2016-04-19,3,109,16,4,SPRING,,0,70.08,0.94,0.08
2016-04-20,4,110,16,4,SPRING,,0,69.78,0.94,0.07
2016-04-21,5,111,16,4,SPRING,,0,73.16,0.94,0.12
2016-04-22,6,112,16,4,SPRING,,0,73.94,0.88,0.08
2016-04-23,7,113,16,4,SPRING,pas,1,76.0,0.88,0.12
2016-04-24,1,114,17,4,SPRING,,0,74.91,0.93,0.08
2016-04-25,2,115,17,4,SPRING,,0,74.3,0.93,0.08
2016-04-26,3,116,17,4,SPRING,,0,74.34,0.93,0.11
2016-04-27,4,117,17,4,SPRING,,0,75.24,0.94,0.08
2016-04-28,5,118,17,4,SPRING,,0,77.77,0.95,0.08
2016-04-29,6,119,17,4,SPRING,,0,79.47,0.93,0.04
2016-04-30,7,120,17,4,SPRING,,0,78.69,0.93,0.08
2016-05-01,1,121,18,5,SPRING,,0,78.19,0.95,0.04
2016-05-02,2,122,18,5,SPRING,,0,80.27,0.95,0.04
2016-05-03,3,123,18,5,SPRING,,0,80.15,0.96,0.04
2016-05-04,4,124,18,5,SPRING,,0,72.7,0.96,0.04
2016-05-05,5,125,18,5,SPRING,cdm,1,69.81,0.96,0.08
2016-05-06,6,126,18,5,SPRING,,0,66.93,0.91,0.07
2016-05-07,7,127,18,5,SPRING,,0,68.49,0.91,0.04
2016-05-08,1,128,19,5,SPRING,mot,1,71.72,0.95,0.08
2016-05-09,2,129,19,5,SPRING,,0,73.36,0.95,0.08
2016-05-10,3,130,19,5,SPRING,,0,76.42,0.94,0.08
2016-05-11,4,131,19,5,SPRING,,0,77.93,0.95,0.12
2016-05-12,5,132,19,5,SPRING,,0,77.47,0.95,0.08
2016-05-13,6,133,19,5,SPRING,,0,79.29,0.95,0.08
2016-05-14,7,134,19,5,SPRING,,0,80.13,0.95,0.11
2016-05-15,1,135,20,5,SPRING,,0,76.26,0.96,0.08
2016-05-16,2,136,20,5,SPRING,,0,79.09,0.96,0.08
2016-05-17,3,137,20,5,SPRING,,0,78.0,0.95,0.08
2016-05-18,4,138,20,5,SPRING,,0,79.65,0.96,0.12
2016-05-19,5,139,20,5,SPRING,,0,79.32,0.96,0.08
2016-05-20,6,140,20,5,SPRING,,0,79.19,0.92,0.12
2016-05-21,7,141,20,5,SPRING,,0,80.86,0.92,0.11
2016-05-22,1,142,21,5,SPRING,,0,80.11,0.92,0.12
2016-05-23,2,143,21,5,SPRING,,0,77.63,0.92,0.16
2016-05-24,3,144,21,5,SPRING,,0,77.87,0.92,0.12
2016-05-25,4,145,21,5,SPRING,,0,78.28,0.88,0.15
2016-05-26,5,146,21,5,SPRING,,0,76.41,0.82,0.16
2016-05-27,6,147,21,5,SPRING,,0,78.37,0.73,0.16
2016-05-28,7,148,21,5,MEMORIAL DAY,,0,80.46,0.73,0.2
2016-05-29,1,149,22,5,MEMORIAL DAY,,0,81.07,0.0,0.19
2016-05-30,2,150,22,5,MEMORIAL DAY,mem,1,80.56,0.0,0.2
2016-05-31,3,151,22,5,MEMORIAL DAY,,0,80.9,0.77,0.2
2016-06-01,4,152,22,6,SPRING,,0,81.46,0.77,0.24
2016-06-02,5,153,22,6,SPRING,,0,82.05,0.73,0.27
2016-06-03,6,154,22,6,SPRING,,0,83.23,0.61,0.28
2016-06-04,7,155,22,6,SPRING,,0,83.86,0.61,0.23
2016-06-05,1,156,23,6,SPRING,,0,83.26,0.55,0.28
2016-06-06,2,157,23,6,SPRING,,0,79.87,0.55,0.27
2016-06-07,3,158,23,6,SPRING,,0,82.0,0.55,0.28
2016-06-08,4,159,23,6,SPRING,,0,82.29,0.5,0.28
2016-06-09,5,160,23,6,SPRING,,0,79.58,0.44,0.27
2016-06-10,6,161,23,6,SPRING,,0,80.88,0.36,0.32
2016-06-11,7,162,23,6,SPRING,,0,80.96,0.36,0.27
2016-06-12,1,163,24,6,SPRING,svt,1,81.77,0.35,0.32
2016-06-13,2,164,24,6,SPRING,,0,83.77,0.35,0.31
2016-06-14,3,165,24,6,SPRING,,0,85.23,0.34,0.32
2016-06-15,4,166,24,6,SPRING,,0,84.16,0.3,0.31
2016-06-16,5,167,24,6,SPRING,,0,84.24,0.3,0.32
2016-06-17,6,168,24,6,SPRING,,0,83.58,0.25,0.31
2016-06-18,7,169,24,6,SPRING,,0,82.54,0.25,0.32
2016-06-19,1,170,25,6,SPRING,fat,1,79.19,0.21,0.35
2016-06-20,2,171,25,6,SPRING,,0,79.26,0.21,0.32
2016-06-21,3,172,25,6,SPRING,,0,77.8,0.2,0.31
2016-06-22,4,173,25,6,SPRING,,0,81.71,0.19,0.28
2016-06-23,5,174,25,6,SPRING,,0,84.86,0.18,0.31
2016-06-24,6,175,25,6,SPRING,,0,85.41,0.16,0.28
2016-06-25,7,176,25,6,SPRING,,0,86.54,0.16,0.27
2016-06-26,1,177,26,6,SPRING,,0,82.73,0.09,0.28
2016-06-27,2,178,26,6,SPRING,,0,82.32,0.09,0.27
2016-06-28,3,179,26,6,SPRING,,0,84.4,0.09,0.28
2016-06-29,4,180,26,6,SPRING,,0,82.23,0.08,0.31
2016-06-30,5,181,26,6,SPRING,,0,82.87,0.08,0.28
2016-07-01,6,182,26,7,SUMMER BREAK,,0,82.95,0.07,0.28
2016-07-02,7,183,26,7,JULY 4TH,,0,82.59,0.07,0.27
2016-07-03,1,184,27,7,JULY 4TH,,0,83.11,0.0,0.28
2016-07-04,2,185,27,7,JULY 4TH,ind,1,85.3,0.0,0.27
2016-07-05,3,186,27,7,JULY 4TH,,0,86.02,0.04,0.28
2016-07-06,4,187,27,7,JULY 4TH,,0,86.79,0.06,0.27
2016-07-07,5,188,27,7,SUMMER BREAK,,0,86.79,0.06,0.28
2016-07-08,6,189,27,7,SUMMER BREAK,,0,87.22,0.06,0.24
2016-07-09,7,190,27,7,SUMMER BREAK,,0,87.49,0.06,0.27
2016-07-10,1,191,28,7,SUMMER BREAK,,0,85.25,0.08,0.24
2016-07-11,2,192,28,7,SUMMER BREAK,,0,86.33,0.08,0.23
2016-07-12,3,193,28,7,SUMMER BREAK,,0,86.12,0.08,0.24
2016-07-13,4,194,28,7,SUMMER BREAK,,0,84.67,0.11,0.2
2016-07-14,5,195,28,7,SUMMER BREAK,,0,83.82,0.12,0.23
2016-07-15,6,196,28,7,SUMMER BREAK,,0,85.06,0.12,0.2
2016-07-16,7,197,28,7,SUMMER BREAK,,0,84.6,0.12,0.2
2016-07-17,1,198,29,7,SUMMER BREAK,,0,84.23,0.12,0.19
2016-07-18,2,199,29,7,SUMMER BREAK,,0,83.65,0.12,0.2
2016-07-19,3,200,29,7,SUMMER BREAK,,0,83.09,0.12,0.2
2016-07-20,4,201,29,7,SUMMER BREAK,,0,83.76,0.12,0.19
2016-07-21,5,202,29,7,SUMMER BREAK,,0,83.36,0.13,0.24
2016-07-22,6,203,29,7,SUMMER BREAK,,0,83.94,0.11,0.2
2016-07-23,7,204,29,7,SUMMER BREAK,,0,82.05,0.11,0.23
2016-07-24,1,205,30,7,SUMMER BREAK,,0,84.17,0.12,0.24
2016-07-25,2,206,30,7,SUMMER BREAK,,0,82.48,0.12,0.24
2016-07-26,3,207,30,7,SUMMER BREAK,,0,85.11,0.14,0.19
2016-07-27,4,208,30,7,SUMMER BREAK,,0,86.29,0.15,0.2
2016-07-28,5,209,30,7,SUMMER BREAK,,0,86.1,0.15,0.2
2016-07-29,6,210,30,7,SUMMER BREAK,,0,85.52,0.15,0.19
2016-07-30,7,211,30,7,SUMMER BREAK,,0,84.3,0.15,0.2
2016-07-31,1,212,31,7,SUMMER BREAK,,0,83.59,0.19,0.2
2016-08-01,2,213,31,8,SUMMER BREAK,,0,84.8,0.19,0.28
2016-08-02,3,214,31,8,SUMMER BREAK,,0,85.03,0.2,0.23
2016-08-03,4,215,31,8,SUMMER BREAK,,0,82.25,0.22,0.24
2016-08-04,5,216,31,8,SUMMER BREAK,,0,80.25,0.23,0.23
2016-08-05,6,217,31,8,SUMMER BREAK,,0,83.43,0.23,0.24
2016-08-06,7,218,31,8,SUMMER BREAK,,0,82.69,0.23,0.28
2016-08-07,1,219,32,8,SUMMER BREAK,,0,81.44,0.3,0.23
2016-08-08,2,220,32,8,SUMMER BREAK,,0,78.62,0.3,0.24
2016-08-09,3,221,32,8,SUMMER BREAK,,0,81.33,0.3,0.27
2016-08-10,4,222,32,8,SUMMER BREAK,,0,81.57,0.39,0.24
2016-08-11,5,223,32,8,SUMMER BREAK,,0,83.03,0.41,0.24
2016-08-12,6,224,32,8,SUMMER BREAK,,0,83.82,0.41,0.23
2016-08-13,7,225,32,8,SUMMER BREAK,,0,83.91,0.41,0.24
2016-08-14,1,226,33,8,SUMMER BREAK,,0,82.88,0.49,0.27
2016-08-15,2,227,33,8,SUMMER BREAK,,0,83.61,0.49,0.24
2016-08-16,3,228,33,8,SUMMER BREAK,,0,81.98,0.5,0.28
2016-08-17,4,229,33,8,SUMMER BREAK,,0,83.56,0.53,0.23
2016-08-18,5,230,33,8,SUMMER BREAK,,0,83.43,0.54,0.28
2016-08-19,6,231,33,8,SUMMER BREAK,,0,84.29,0.53,0.23
2016-08-20,7,232,33,8,SUMMER BREAK,,0,84.43,0.53,0.24
2016-08-21,1,233,34,8,SUMMER BREAK,,0,85.85,0.69,0.28
2016-08-22,2,234,34,8,SUMMER BREAK,,0,86.23,0.69,0.23
2016-08-23,3,235,34,8,SEPTEMBER LOW,,0,86.58,0.72,0.28
2016-08-24,4,236,34,8,SEPTEMBER LOW,,0,84.9,0.75,0.23
2016-08-25,5,237,34,8,SEPTEMBER LOW,,0,84.51,0.77,0.28
2016-08-26,6,238,34,8,SEPTEMBER LOW,,0,83.77,0.77,0.28
2016-08-27,7,239,34,8,SEPTEMBER LOW,,0,83.8,0.77,0.23
2016-08-28,1,240,35,8,SEPTEMBER LOW,,0,84.99,0.85,0.28
2016-08-29,2,241,35,8,SEPTEMBER LOW,,0,80.62,0.85,0.23
2016-08-30,3,242,35,8,SEPTEMBER LOW,,0,80.47,0.85,0.28
2016-08-31,4,243,35,8,SEPTEMBER LOW,,0,78.95,0.87,0.27
2016-09-01,5,244,35,9,SEPTEMBER LOW,,0,79.72,0.89,0.24
2016-09-02,6,245,35,9,SEPTEMBER LOW,,0,80.07,0.88,0.23
2016-09-03,7,246,35,9,SEPTEMBER LOW,,0,80.6,0.88,0.24
2016-09-04,1,247,36,9,SEPTEMBER LOW,,0,82.98,0.0,0.2
2016-09-05,2,248,36,9,SEPTEMBER LOW,lab,1,79.75,0.0,0.23
2016-09-06,3,249,36,9,SEPTEMBER LOW,,0,80.46,0.93,0.24
2016-09-07,4,250,36,9,SEPTEMBER LOW,,0,81.41,0.96,0.23
2016-09-08,5,251,36,9,SEPTEMBER LOW,,0,81.44,0.97,0.24
2016-09-09,6,252,36,9,SEPTEMBER LOW,,0,82.76,0.97,0.24
2016-09-10,7,253,36,9,SEPTEMBER LOW,,0,83.77,0.97,0.23
2016-09-11,1,254,37,9,SEPTEMBER LOW,,0,82.8,0.94,0.24
2016-09-12,2,255,37,9,SEPTEMBER LOW,,0,83.48,0.94,0.24
2016-09-13,3,256,37,9,SEPTEMBER LOW,,0,80.41,0.96,0.19
2016-09-14,4,257,37,9,SEPTEMBER LOW,,0,82.39,0.96,0.24
2016-09-15,5,258,37,9,SEPTEMBER LOW,,0,83.2,0.93,0.2
2016-09-16,6,259,37,9,SEPTEMBER LOW,,0,82.94,0.92,0.19
2016-09-17,7,260,37,9,SEPTEMBER LOW,,0,83.84,0.92,0.2
2016-09-18,1,261,38,9,SEPTEMBER LOW,,0,84.07,0.92,0.2
2016-09-19,2,262,38,9,SEPTEMBER LOW,,0,82.32,0.92,0.19
2016-09-20,3,263,38,9,FALL,,0,80.48,0.93,0.16
2016-09-21,4,264,38,9,FALL,,0,82.95,0.92,0.16
2016-09-22,5,265,38,9,FALL,,0,83.72,0.93,0.16
2016-09-23,6,266,38,9,FALL,,0,83.02,0.86,0.19
2016-09-24,7,267,38,9,FALL,,0,83.14,0.86,0.16
2016-09-25,1,268,39,9,FALL,,0,83.35,0.88,0.2
2016-09-26,2,269,39,9,FALL,,0,80.37,0.88,0.15
2016-09-27,3,270,39,9,FALL,,0,79.64,0.92,0.16
2016-09-28,4,271,39,9,FALL,,0,80.22,0.92,0.2
2016-09-29,5,272,39,9,FALL,,0,79.5,0.92,0.12
2016-09-30,6,273,39,9,FALL,,0,81.37,0.91,0.15
2016-10-01,7,274,39,10,FALL,,0,80.77,0.91,0.16
2016-10-02,1,275,40,10,FALL,,0,80.11,0.83,0.12
2016-10-03,2,276,40,10,FALL,rha,1,80.55,0.83,0.15
2016-10-04,3,277,40,10,FALL,,0,80.55,0.88,0.16
2016-10-05,4,278,40,10,FALL,,0,81.68,0.9,0.12
2016-10-06,5,279,40,10,FALL,,0,78.98,0.87,0.12
2016-10-07,6,280,40,10,FALL,,0,76.77,0.8,0.11
2016-10-08,7,281,40,10,COLUMBUS DAY,,0,81.0,0.8,0.12
2016-10-09,1,282,41,10,COLUMBUS DAY,,0,78.55,0.68,0.12
2016-10-10,2,283,41,10,COLUMBUS DAY,col,1,73.36,0.68,0.16
2016-10-11,3,284,41,10,COLUMBUS DAY,,0,74.73,0.88,0.12
2016-10-12,4,285,41,10,FALL,ymk,1,76.37,0.81,0.11
2016-10-13,5,286,41,10,FALL,,0,77.48,0.89,0.08
2016-10-14,6,287,41,10,FALL,,0,77.3,0.8,0.12
2016-10-15,7,288,41,10,FALL,,0,79.47,0.8,0.12
2016-10-16,1,289,42,10,FALL,,0,78.46,0.87,0.12
2016-10-17,2,290,42,10,FALL,suk,1,77.98,0.87,0.08
2016-10-18,3,291,42,10,FALL,,0,77.7,0.93,0.11
2016-10-19,4,292,42,10,FALL,,0,76.46,0.93,0.12
2016-10-20,5,293,42,10,FALL,utc,1,75.41,0.86,0.08
2016-10-21,6,294,42,10,FALL,utc,1,76.78,0.83,0.12
2016-10-22,7,295,42,10,FALL,,0,66.07,0.83,0.08
2016-10-23,1,296,43,10,FALL,,0,66.05,0.93,0.08
2016-10-24,2,297,43,10,FALL,sha,1,68.89,0.93,0.08
2016-10-25,3,298,43,10,FALL,,0,70.28,0.94,0.07
2016-10-26,4,299,43,10,FALL,,0,74.69,0.9,0.08
2016-10-27,5,300,43,10,FALL,,0,75.11,0.93,0.08
2016-10-28,6,301,43,10,HALLOWEEN,nvd,1,75.69,0.86,0.04
2016-10-29,7,302,43,10,HALLOWEEN,,0,76.34,0.86,0.12
2016-10-30,1,303,44,10,HALLOWEEN,,0,76.59,0.93,0.08
2016-10-31,2,304,44,10,HALLOWEEN,hal,1,74.24,0.93,0.08
2016-11-01,3,305,44,11,HALLOWEEN,,0,73.52,0.96,0.08
2016-11-02,4,306,44,11,HALLOWEEN,,0,76.11,0.97,0.12
2016-11-03,5,307,44,11,FALL,,0,74.86,0.96,0.11
2016-11-04,6,308,44,11,FALL,,0,73.79,0.92,0.08
2016-11-05,7,309,44,11,JERSEY WEEK,,0,72.47,0.92,0.12
2016-11-06,1,310,45,11,JERSEY WEEK,,0,71.0,0.92,0.08
2016-11-07,2,311,45,11,JERSEY WEEK,,0,72.26,0.92,0.08
2016-11-08,3,312,45,11,JERSEY WEEK,elc,1,71.49,0.68,0.08
2016-11-09,4,313,45,11,JERSEY WEEK,,0,69.8,0.96,0.08
2016-11-10,5,314,45,11,JERSEY WEEK,njc,1,70.0,0.96,0.08
2016-11-11,6,315,45,11,JERSEY WEEK,njc|vet,1,66.19,0.45,0.03
2016-11-12,7,316,45,11,JERSEY WEEK,,0,68.06,0.45,0.08
2016-11-13,1,317,46,11,JERSEY WEEK,,0,69.54,0.97,0.08
2016-11-14,2,318,46,11,JERSEY WEEK,,0,67.05,0.97,0.08
2016-11-15,3,319,46,11,FALL,,0,64.87,0.97,0.08
2016-11-16,4,320,46,11,FALL,,0,64.9,0.97,0.08
2016-11-17,5,321,46,11,FALL,,0,64.66,0.97,0.04
2016-11-18,6,322,46,11,THANKSGIVING,,0,67.5,0.97,0.08
2016-11-19,7,323,46,11,THANKSGIVING,,0,67.77,0.97,0.08
2016-11-20,1,324,47,11,THANKSGIVING,,0,58.7,0.56,0.03
2016-11-21,2,325,47,11,THANKSGIVING,,0,56.14,0.56,0.08
2016-11-22,3,326,47,11,THANKSGIVING,,0,59.43,0.56,0.08
2016-11-23,4,327,47,11,THANKSGIVING,,0,66.89,0.15,0.08
2016-11-24,5,328,47,11,THANKSGIVING,thk,1,70.31,0.0,0.08
2016-11-25,6,329,47,11,THANKSGIVING,,0,,0.0,0.08
2016-11-26,7,330,47,11,THANKSGIVING,,0,68.46,0.0,0.08
2016-11-27,1,331,48,11,THANKSGIVING,,0,66.44,0.96,0.08
2016-11-28,2,332,48,11,THANKSGIVING,,0,68.16,0.96,0.11
2016-11-29,3,333,48,11,THANKSGIVING,,0,73.78,0.96,0.08
2016-11-30,4,334,48,11,FALL,,0,74.78,0.96,0.08
2016-12-01,5,335,48,12,WINTER,,0,75.8,0.96,0.08
2016-12-02,6,336,48,12,WINTER,,0,66.44,0.96,0.08
2016-12-03,7,337,48,12,WINTER,,0,66.58,0.96,0.08
2016-12-04,1,338,49,12,WINTER,,0,70.73,0.97,0.07
2016-12-05,2,339,49,12,WINTER,,0,75.01,0.97,0.08
2016-12-06,3,340,49,12,WINTER,,0,74.27,0.97,0.08
2016-12-07,4,341,49,12,WINTER,,0,69.64,0.96,0.08
2016-12-08,5,342,49,12,WINTER,,0,64.15,0.97,0.12
2016-12-09,6,343,49,12,WINTER,,0,,0.97,0.08
2016-12-10,7,344,49,12,WINTER,,0,60.35,0.97,0.08
2016-12-11,1,345,50,12,WINTER,,0,65.3,0.96,0.08
2016-12-12,2,346,50,12,WINTER,,0,73.81,0.96,0.07
2016-12-13,3,347,50,12,WINTER,,0,72.28,0.96,0.08
2016-12-14,4,348,50,12,WINTER,,0,72.49,0.94,0.12
2016-12-15,5,349,50,12,WINTER,,0,66.47,0.94,0.08
2016-12-16,6,350,50,12,WINTER,,0,66.06,0.9,0.08
2016-12-17,7,351,50,12,WINTER,,0,71.96,0.9,0.12
2016-12-18,1,352,51,12,CHRISTMAS,,0,76.9,0.52,0.11
2016-12-19,2,353,51,12,CHRISTMAS,,0,77.82,0.52,0.08
2016-12-20,3,354,51,12,CHRISTMAS,,0,66.71,0.53,0.12
2016-12-21,4,355,51,12,CHRISTMAS,,0,60.16,0.46,0.08
2016-12-22,5,356,51,12,CHRISTMAS,,0,64.88,0.28,0.12
2016-12-23,6,357,51,12,CHRISTMAS,,0,68.74,0.1,0.08
2016-12-24,7,358,51,12,CHRISTMAS,cme,1,71.35,0.1,0.08
2016-12-25,1,359,52,12,CHRISTMAS,cmd|han,1,72.94,0.01,0.07
2016-12-26,2,360,52,12,CHRISTMAS,,0,72.9,0.01,0.08
2016-12-27,3,361,52,12,CHRISTMAS PEAK,,0,72.35,0.01,0.08
2016-12-28,4,362,52,12,CHRISTMAS PEAK,,0,72.71,0.01,0.08
2016-12-29,5,363,52,12,CHRISTMAS PEAK,,0,71.08,0.01,0.04
2016-12-30,6,364,52,12,CHRISTMAS PEAK,,0,55.72,0.01,0.08
2016-12-31,7,365,52,12,CHRISTMAS PEAK,nye,1,68.16,0.01,0.08
2017-01-01,1,0,1,1,CHRISTMAS PEAK,nyd,1,68.16,0.07,0.12
2017-01-02,2,1,1,1,CHRISTMAS,,0,72.51,0.07,0.12
2017-01-03,3,2,1,1,CHRISTMAS,,0,77.13,0.49,0.07
2017-01-04,4,3,1,1,CHRISTMAS,,0,68.47,0.67,0.12
2017-01-05,5,4,1,1,CHRISTMAS,,0,,0.7,0.12
2017-01-06,6,5,1,1,CHRISTMAS,,0,65.88,0.69,0.12
2017-01-07,7,6,1,1,CHRISTMAS,,0,56.11,0.69,0.12
2017-01-08,1,7,2,1,CHRISTMAS,,0,43.81,0.92,0.08
2017-01-09,2,8,2,1,CHRISTMAS,,0,52.8,0.92,0.11
2017-01-10,3,9,2,1,WINTER,,0,59.04,0.94,0.08
2017-01-11,4,10,2,1,WINTER,,0,64.14,0.94,0.08
2017-01-12,5,11,2,1,MARTIN LUTHER KING JUNIOR DAY,,0,66.93,0.94,0.08
2017-01-13,6,12,2,1,MARTIN LUTHER KING JUNIOR DAY,,0,67.19,0.89,0.12
2017-01-14,7,13,2,1,MARTIN LUTHER KING JUNIOR DAY,,0,69.3,0.89,0.12
2017-01-15,1,14,3,1,MARTIN LUTHER KING JUNIOR DAY,,0,69.0,0.01,0.08
2017-01-16,2,15,3,1,MARTIN LUTHER KING JUNIOR DAY,mlk,1,68.83,0.01,0.07
2017-01-17,3,16,3,1,MARTIN LUTHER KING JUNIOR DAY,,0,68.45,0.88,0.04
2017-01-18,4,17,3,1,MARTIN LUTHER KING JUNIOR DAY,,0,69.14,0.96,0.08
2017-01-19,5,18,3,1,MARTIN LUTHER KING JUNIOR DAY,,0,68.66,0.96,0.08
2017-01-20,6,19,3,1,MARTIN LUTHER KING JUNIOR DAY,,0,70.56,0.93,0.12
2017-01-21,7,20,3,1,WINTER,,0,72.5,0.93,0.08
2017-01-22,1,21,4,1,WINTER,,0,74.46,0.93,0.08
2017-01-23,2,22,4,1,WINTER,,0,64.88,0.93,0.08
2017-01-24,3,23,4,1,WINTER,,0,63.0,0.97,0.07
2017-01-25,4,24,4,1,WINTER,,0,62.98,0.96,0.08
2017-01-26,5,25,4,1,WINTER,,0,71.0,0.97,0.08
2017-01-27,6,26,4,1,WINTER,,0,60.8,0.93,0.08
2017-01-28,7,27,4,1,WINTER,,0,52.13,0.93,0.08
2017-01-29,1,28,5,1,WINTER,,0,50.74,0.93,0.08
2017-01-30,2,29,5,1,WINTER,,0,53.23,0.93,0.04
2017-01-31,3,30,5,1,WINTER,,0,54.91,0.96,0.08
2017-02-01,4,31,5,2,WINTER,,0,59.12,0.97,0.04
2017-02-02,5,32,5,2,WINTER,,0,63.72,0.97,0.08
2017-02-03,6,33,5,2,WINTER,,0,66.41,0.93,0.04
2017-02-04,7,34,5,2,WINTER,,0,65.46,0.93,0.04
2017-02-05,1,35,6,2,WINTER,sbs,1,65.15,0.94,0.04
2017-02-06,2,36,6,2,WINTER,,0,65.13,0.94,0.04
2017-02-07,3,37,6,2,WINTER,,0,69.89,0.97,0.03
2017-02-08,4,38,6,2,WINTER,,0,70.85,0.97,0.08
2017-02-09,5,39,6,2,WINTER,,0,70.99,0.97,0.08
2017-02-10,6,40,6,2,WINTER,,0,60.0,0.92,0.12
2017-02-11,7,41,6,2,WINTER,,0,64.09,0.92,0.08
2017-02-12,1,42,7,2,WINTER,,0,66.79,0.84,0.12
2017-02-13,2,43,7,2,WINTER,,0,69.36,0.84,0.12
2017-02-14,3,44,7,2,WINTER,val,1,69.47,0.96,0.11
2017-02-15,4,45,7,2,WINTER,,0,71.74,0.97,0.12
2017-02-16,5,46,7,2,PRESIDENTS WEEK,,0,60.62,0.96,0.12
2017-02-17,6,47,7,2,PRESIDENTS WEEK,,0,59.35,0.82,0.12
2017-02-18,7,48,7,2,PRESIDENTS WEEK,,0,64.48,0.82,0.12
2017-02-19,1,49,8,2,PRESIDENTS WEEK,,0,70.91,0.15,0.11
2017-02-20,2,50,8,2,PRESIDENTS WEEK,prs,1,68.3,0.15,0.12
2017-02-21,3,51,8,2,PRESIDENTS WEEK,,0,69.13,0.86,0.16
2017-02-22,4,52,8,2,PRESIDENTS WEEK,,0,65.34,0.93,0.12
2017-02-23,5,53,8,2,PRESIDENTS WEEK,,0,68.74,0.93,0.12
2017-02-24,6,54,8,2,PRESIDENTS WEEK,,0,73.6,0.91,0.11
2017-02-25,7,55,8,2,PRESIDENTS WEEK,,0,71.08,0.91,0.12
2017-02-26,1,56,9,2,PRESIDENTS WEEK,,0,65.84,0.93,0.16
2017-02-27,2,57,9,2,MARDI GRAS,,0,69.71,0.93,0.16
2017-02-28,3,58,9,2,MARDI GRAS,mgs,1,75.34,0.94,0.15
2017-03-01,4,59,9,3,MARDI GRAS,ash,1,74.91,0.94,0.15
2017-03-02,5,60,9,3,SPRING,,0,73.47,0.93,0.12
2017-03-03,6,61,9,3,SPRING,,0,64.57,0.91,0.12
2017-03-04,7,62,9,3,SPRING,,0,62.46,0.91,0.11
2017-03-05,1,63,10,3,SPRING,,0,66.79,0.92,0.12
2017-03-06,2,64,10,3,SPRING,,0,66.91,0.92,0.16
2017-03-07,3,65,10,3,SPRING,,0,67.49,0.93,0.16
2017-03-08,4,66,10,3,SPRING,,0,70.51,0.94,0.12
2017-03-09,5,67,10,3,SPRING,,0,71.88,0.94,0.15
2017-03-10,6,68,10,3,SPRING,,0,71.91,0.88,0.16
2017-03-11,7,69,10,3,SPRING,,0,70.63,0.88,0.12
2017-03-12,1,70,11,3,SPRING,pur,1,69.55,0.72,0.16
2017-03-13,2,71,11,3,SPRING,,0,69.74,0.72,0.07
2017-03-14,3,72,11,3,SPRING,,0,60.96,0.74,0.12
2017-03-15,4,73,11,3,SPRING,,0,52.49,0.74,0.12
2017-03-16,5,74,11,3,SPRING,,0,51.16,0.73,0.12
2017-03-17,6,75,11,3,SPRING,stp,1,56.93,0.61,0.16
2017-03-18,7,76,11,3,SPRING,,0,62.06,0.61,0.11
2017-03-19,1,77,12,3,SPRING,,0,68.07,0.83,0.12
2017-03-20,2,78,12,3,SPRING,,0,61.6,0.83,0.12
2017-03-21,3,79,12,3,SPRING,,0,65.64,0.84,0.12
2017-03-22,4,80,12,3,SPRING,,0,70.88,0.83,0.12
2017-03-23,5,81,12,3,SPRING,,0,71.7,0.84,0.12
2017-03-24,6,82,12,3,SPRING,,0,69.26,0.81,0.11
2017-03-25,7,83,12,3,SPRING,,0,69.97,0.81,0.12
2017-03-26,1,84,13,3,SPRING,,0,70.99,0.8,0.12
2017-03-27,2,85,13,3,SPRING,,0,71.21,0.8,0.12
2017-03-28,3,86,13,3,SPRING,,0,72.22,0.84,0.12
2017-03-29,4,87,13,3,SPRING,,0,74.52,0.84,0.07
2017-03-30,5,88,13,3,SPRING,,0,74.84,0.83,0.12
2017-03-31,6,89,13,3,SPRING,chv,1,76.39,0.79,0.08
2017-04-01,7,90,13,4,SPRING,,0,75.04,0.79,0.12
2017-04-02,1,91,14,4,SPRING,,0,75.49,0.82,0.12
2017-04-03,2,92,14,4,SPRING,,0,,0.82,0.12
2017-04-04,3,93,14,4,SPRING,,0,78.3,0.83,0.07
2017-04-05,4,94,14,4,SPRING,,0,79.64,0.83,0.12
2017-04-06,5,95,14,4,SPRING,,0,71.21,0.81,0.08
2017-04-07,6,96,14,4,EASTER,,0,63.27,0.77,0.08
2017-04-08,7,97,14,4,EASTER,,0,61.52,0.77,0.08
2017-04-09,1,98,15,4,EASTER,,0,65.5,0.7,0.08
2017-04-10,2,99,15,4,EASTER,,0,69.6,0.7,0.08
2017-04-11,3,100,15,4,EASTER,pas,1,70.54,0.7,0.08
2017-04-12,4,101,15,4,EASTER,,0,72.02,0.7,0.03
2017-04-13,5,102,15,4,EASTER,,0,71.89,0.68,0.08
2017-04-14,6,103,15,4,EASTER,gfr,1,,0.39,0.08
2017-04-15,7,104,15,4,EASTER,,0,73.22,0.39,0.04
2017-04-16,1,105,16,4,EASTER,ess,1,73.47,0.76,0.04
2017-04-17,2,106,16,4,EASTER,esm,1,72.49,0.76,0.12
2017-04-18,3,107,16,4,EASTER,,0,74.38,0.86,0.08
2017-04-19,4,108,16,4,EASTER,,0,74.76,0.87,0.08
2017-04-20,5,109,16,4,EASTER,,0,74.43,0.87,0.08
2017-04-21,6,110,16,4,EASTER,,0,73.41,0.86,0.07
2017-04-22,7,111,16,4,EASTER,,0,74.55,0.86,0.12
2017-04-23,1,112,17,4,EASTER,,0,77.75,0.94,0.08
2017-04-24,2,113,17,4,EASTER,,0,73.62,0.94,0.12
2017-04-25,3,114,17,4,EASTER,,0,69.71,0.94,0.08
2017-04-26,4,115,17,4,SPRING,,0,71.79,0.95,0.08
2017-04-27,5,116,17,4,SPRING,,0,79.58,0.95,0.11
2017-04-28,6,117,17,4,SPRING,,0,81.91,0.92,0.08
2017-04-29,7,118,17,4,SPRING,,0,82.32,0.92,0.08
2017-04-30,1,119,18,4,SPRING,,0,,0.96,0.04
2017-05-01,2,120,18,5,SPRING,,0,80.22,0.96,0.08
2017-05-02,3,121,18,5,SPRING,,0,78.34,0.96,0.04
2017-05-03,4,122,18,5,SPRING,,0,77.95,0.96,0.04
2017-05-04,5,123,18,5,SPRING,,0,79.6,0.96,0.04
2017-05-05,6,124,18,5,SPRING,cdm,1,71.93,0.93,0.04
2017-05-06,7,125,18,5,SPRING,,0,67.91,0.93,0.08
2017-05-07,1,126,19,5,SPRING,,0,68.57,0.97,0.07
2017-05-08,2,127,19,5,SPRING,,0,74.04,0.97,0.04
2017-05-09,3,128,19,5,SPRING,,0,76.0,0.97,0.08
2017-05-10,4,129,19,5,SPRING,,0,78.44,0.96,0.08
2017-05-11,5,130,19,5,SPRING,,0,79.21,0.97,0.08
2017-05-12,6,131,19,5,SPRING,,0,78.71,0.96,0.12
2017-05-13,7,132,19,5,SPRING,,0,75.0,0.96,0.08
2017-05-14,1,133,20,5,SPRING,mot,1,75.88,0.97,0.08
2017-05-15,2,134,20,5,SPRING,,0,78.88,0.97,0.11
2017-05-16,3,135,20,5,SPRING,,0,79.8,0.97,0.08
2017-05-17,4,136,20,5,SPRING,,0,80.84,0.97,0.08
2017-05-18,5,137,20,5,SPRING,,0,81.35,0.97,0.08
2017-05-19,6,138,20,5,SPRING,,0,81.78,0.96,0.12
2017-05-20,7,139,20,5,SPRING,,0,83.83,0.96,0.08
2017-05-21,1,140,21,5,SPRING,,0,81.0,0.94,0.12
2017-05-22,2,141,21,5,SPRING,,0,81.71,0.94,0.11
2017-05-23,3,142,21,5,SPRING,,0,81.23,0.94,0.12
2017-05-24,4,143,21,5,SPRING,,0,80.3,0.92,0.16
2017-05-25,5,144,21,5,SPRING,,0,76.77,0.84,0.12
2017-05-26,6,145,21,5,SPRING,,0,74.93,0.72,0.15
2017-05-27,7,146,21,5,MEMORIAL DAY,,0,76.74,0.72,0.16
2017-05-28,1,147,22,5,MEMORIAL DAY,,0,78.43,0.0,0.16
2017-05-29,2,148,22,5,MEMORIAL DAY,mem,1,82.91,0.0,0.2
2017-05-30,3,149,22,5,MEMORIAL DAY,,0,83.36,0.67,0.19
2017-05-31,4,150,22,5,SPRING,svt,1,82.42,0.68,0.2
2017-06-01,5,151,22,6,SPRING,,0,81.53,0.66,0.2
2017-06-02,6,152,22,6,SPRING,,0,79.04,0.57,0.24
2017-06-03,7,153,22,6,SPRING,,0,78.29,0.57,0.27
2017-06-04,1,154,23,6,SPRING,,0,77.18,0.44,0.28
2017-06-05,2,155,23,6,SPRING,,0,77.73,0.44,0.23
2017-06-06,3,156,23,6,SPRING,,0,78.62,0.44,0.28
2017-06-07,4,157,23,6,SPRING,,0,75.35,0.43,0.27
2017-06-08,5,158,23,6,SPRING,,0,77.13,0.42,0.28
2017-06-09,6,159,23,6,SPRING,,0,78.83,0.38,0.28
2017-06-10,7,160,23,6,SPRING,,0,79.81,0.38,0.27
2017-06-11,1,161,24,6,SPRING,,0,81.03,0.29,0.32
2017-06-12,2,162,24,6,SPRING,,0,79.94,0.29,0.27
2017-06-13,3,163,24,6,SPRING,,0,80.0,0.29,0.32
2017-06-14,4,164,24,6,SPRING,,0,79.08,0.28,0.31
2017-06-15,5,165,24,6,SPRING,,0,79.18,0.24,0.32
2017-06-16,6,166,24,6,SPRING,,0,77.04,0.22,0.31
2017-06-17,7,167,24,6,SPRING,,0,80.55,0.22,0.32
2017-06-18,1,168,25,6,SPRING,fat,1,81.95,0.18,0.31
2017-06-19,2,169,25,6,SPRING,,0,79.88,0.18,0.32
2017-06-20,3,170,25,6,SPRING,,0,81.98,0.17,0.35
2017-06-21,4,171,25,6,SPRING,,0,84.25,0.14,0.32
2017-06-22,5,172,25,6,SPRING,,0,83.97,0.12,0.31
2017-06-23,6,173,25,6,SPRING,,0,82.76,0.12,0.28
2017-06-24,7,174,25,6,SPRING,,0,84.75,0.12,0.31
2017-06-25,1,175,26,6,SPRING,,0,84.11,0.08,0.28
2017-06-26,2,176,26,6,SPRING,,0,82.21,0.08,0.27
2017-06-27,3,177,26,6,SPRING,,0,81.41,0.09,0.28
2017-06-28,4,178,26,6,SPRING,,0,80.47,0.09,0.27
2017-06-29,5,179,26,6,SPRING,,0,82.96,0.08,0.28
2017-06-30,6,180,26,6,SPRING,,0,83.9,0.08,0.31
2017-07-01,7,181,26,7,SUMMER BREAK,,0,81.96,0.08,0.28
2017-07-02,1,182,27,7,JULY 4TH,,0,82.6,0.01,0.28
2017-07-03,2,183,27,7,JULY 4TH,,0,83.24,0.01,0.27
2017-07-04,3,184,27,7,JULY 4TH,ind,1,83.7,0.0,0.28
2017-07-05,4,185,27,7,JULY 4TH,,0,84.72,0.01,0.27
2017-07-06,5,186,27,7,JULY 4TH,,0,84.82,0.01,0.28
2017-07-07,6,187,27,7,SUMMER BREAK,,0,83.92,0.01,0.27
2017-07-08,7,188,27,7,SUMMER BREAK,,0,81.77,0.01,0.28
2017-07-09,1,189,28,7,SUMMER BREAK,,0,81.88,0.05,0.24
2017-07-10,2,190,28,7,SUMMER BREAK,,0,82.98,0.05,0.27
2017-07-11,3,191,28,7,SUMMER BREAK,,0,81.96,0.07,0.24
2017-07-12,4,192,28,7,SUMMER BREAK,,0,82.06,0.07,0.23
2017-07-13,5,193,28,7,SUMMER BREAK,,0,80.63,0.09,0.24
2017-07-14,6,194,28,7,SUMMER BREAK,,0,82.24,0.09,0.2
2017-07-15,7,195,28,7,SUMMER BREAK,,0,84.12,0.09,0.23
2017-07-16,1,196,29,7,SUMMER BREAK,,0,83.97,0.09,0.2
2017-07-17,2,197,29,7,SUMMER BREAK,,0,82.82,0.09,0.2
2017-07-18,3,198,29,7,SUMMER BREAK,,0,81.31,0.09,0.19
2017-07-19,4,199,29,7,SUMMER BREAK,,0,81.51,0.09,0.2
2017-07-20,5,200,29,7,SUMMER BREAK,,0,81.97,0.09,0.2
2017-07-21,6,201,29,7,SUMMER BREAK,,0,80.65,0.09,0.19
2017-07-22,7,202,29,7,SUMMER BREAK,,0,79.54,0.09,0.24
2017-07-23,1,203,30,7,SUMMER BREAK,,0,78.3,0.09,0.2
2017-07-24,2,204,30,7,SUMMER BREAK,,0,82.39,0.09,0.23
2017-07-25,3,205,30,7,SUMMER BREAK,,0,84.26,0.13,0.24
2017-07-26,4,206,30,7,SUMMER BREAK,,0,85.5,0.14,0.24
2017-07-27,5,207,30,7,SUMMER BREAK,,0,84.21,0.13,0.19
2017-07-28,6,208,30,7,SUMMER BREAK,,0,84.15,0.12,0.2
2017-07-29,7,209,30,7,SUMMER BREAK,,0,82.07,0.12,0.2
2017-07-30,1,210,31,7,SUMMER BREAK,,0,79.21,0.15,0.19
2017-07-31,2,211,31,7,SUMMER BREAK,,0,76.5,0.15,0.2
2017-08-01,3,212,31,8,SUMMER BREAK,,0,82.71,0.16,0.2
2017-08-02,4,213,31,8,SUMMER BREAK,,0,79.66,0.17,0.28
2017-08-03,5,214,31,8,SUMMER BREAK,,0,82.84,0.17,0.23
2017-08-04,6,215,31,8,SUMMER BREAK,,0,83.57,0.17,0.24
2017-08-05,7,216,31,8,SUMMER BREAK,,0,84.69,0.17,0.23
2017-08-06,1,217,32,8,SUMMER BREAK,,0,84.45,0.25,0.24
2017-08-07,2,218,32,8,SUMMER BREAK,,0,84.91,0.25,0.28
2017-08-08,3,219,32,8,SUMMER BREAK,,0,85.46,0.26,0.23
2017-08-09,4,220,32,8,SUMMER BREAK,,0,85.22,0.31,0.24
2017-08-10,5,221,32,8,SUMMER BREAK,,0,84.88,0.37,0.27
2017-08-11,6,222,32,8,SUMMER BREAK,,0,82.99,0.37,0.24
2017-08-12,7,223,32,8,SUMMER BREAK,,0,83.23,0.37,0.24
2017-08-13,1,224,33,8,SUMMER BREAK,,0,81.97,0.47,0.23
2017-08-14,2,225,33,8,SUMMER BREAK,,0,83.35,0.47,0.24
2017-08-15,3,226,33,8,SUMMER BREAK,,0,83.53,0.48,0.27
2017-08-16,4,227,33,8,SUMMER BREAK,,0,83.68,0.51,0.24
2017-08-17,5,228,33,8,SUMMER BREAK,,0,83.5,0.52,0.28
2017-08-18,6,229,33,8,SUMMER BREAK,,0,82.16,0.51,0.23
2017-08-19,7,230,33,8,SUMMER BREAK,,0,83.02,0.51,0.28
2017-08-20,1,231,34,8,SUMMER BREAK,,0,83.53,0.61,0.23
2017-08-21,2,232,34,8,SUMMER BREAK,,0,83.6,0.61,0.24
2017-08-22,3,233,34,8,SEPTEMBER LOW,,0,83.63,0.65,0.28
2017-08-23,4,234,34,8,SEPTEMBER LOW,,0,83.89,0.66,0.23
2017-08-24,5,235,34,8,SEPTEMBER LOW,,0,83.51,0.7,0.28
2017-08-25,6,236,34,8,SEPTEMBER LOW,,0,81.28,0.69,0.23
2017-08-26,7,237,34,8,SEPTEMBER LOW,,0,81.03,0.69,0.28
2017-08-27,1,238,35,8,SEPTEMBER LOW,,0,80.47,0.8,0.28
2017-08-28,2,239,35,8,SEPTEMBER LOW,,0,79.09,0.8,0.23
2017-08-29,3,240,35,8,SEPTEMBER LOW,,0,80.51,0.8,0.28
2017-08-30,4,241,35,8,SEPTEMBER LOW,,0,82.78,0.84,0.23
2017-08-31,5,242,35,8,SEPTEMBER LOW,,0,85.27,0.85,0.28
2017-09-01,6,243,35,9,SEPTEMBER LOW,,0,82.79,0.83,0.27
2017-09-02,7,244,35,9,SEPTEMBER LOW,,0,79.79,0.83,0.24
2017-09-03,1,245,36,9,SEPTEMBER LOW,,0,80.24,0.0,0.23
2017-09-04,2,246,36,9,SEPTEMBER LOW,lab,1,81.71,0.0,0.24
2017-09-05,3,247,36,9,SEPTEMBER LOW,,0,82.04,0.92,0.2
2017-09-06,4,248,36,9,SEPTEMBER LOW,,0,80.04,0.95,0.23
2017-09-07,5,249,36,9,SEPTEMBER LOW,,0,82.98,0.96,0.24
2017-09-08,6,250,36,9,SEPTEMBER LOW,,0,82.05,0.95,0.23
2017-09-09,7,251,36,9,SEPTEMBER LOW,,0,80.12,0.95,0.24
2017-09-10,1,252,37,9,SEPTEMBER LOW,,0,77.09,0.95,0.24
2017-09-11,2,253,37,9,SEPTEMBER LOW,,0,78.55,0.95,0.23
2017-09-12,3,254,37,9,SEPTEMBER LOW,,0,80.16,0.96,0.24
2017-09-13,4,255,37,9,SEPTEMBER LOW,,0,80.6,0.96,0.24
2017-09-14,5,256,37,9,SEPTEMBER LOW,,0,82.76,0.95,0.19
2017-09-15,6,257,37,9,SEPTEMBER LOW,,0,82.22,0.93,0.24
2017-09-16,7,258,37,9,SEPTEMBER LOW,,0,83.07,0.93,0.2
2017-09-17,1,259,38,9,SEPTEMBER LOW,,0,82.01,0.94,0.19
2017-09-18,2,260,38,9,SEPTEMBER LOW,,0,79.4,0.94,0.2
2017-09-19,3,261,38,9,FALL,,0,79.76,0.95,0.2
2017-09-20,4,262,38,9,FALL,,0,81.33,0.94,0.19
2017-09-21,5,263,38,9,FALL,rha,1,80.95,0.88,0.16
2017-09-22,6,264,38,9,FALL,,0,80.85,0.87,0.16
2017-09-23,7,265,38,9,FALL,,0,80.79,0.87,0.16
2017-09-24,1,266,39,9,FALL,,0,81.92,0.92,0.19
2017-09-25,2,267,39,9,FALL,,0,82.38,0.92,0.16
2017-09-26,3,268,39,9,FALL,,0,82.69,0.93,0.2
2017-09-27,4,269,39,9,FALL,,0,82.91,0.92,0.15
2017-09-28,5,270,39,9,FALL,,0,82.91,0.93,0.16
2017-09-29,6,271,39,9,FALL,,0,81.44,0.85,0.2
2017-09-30,7,272,39,9,FALL,ymk,1,80.13,0.85,0.12
2017-10-01,1,273,40,10,FALL,,0,79.66,0.91,0.15
2017-10-02,2,274,40,10,FALL,,0,79.46,0.91,0.16
2017-10-03,3,275,40,10,FALL,,0,78.35,0.92,0.12
2017-10-04,4,276,40,10,FALL,,0,77.26,0.92,0.15
2017-10-05,5,277,40,10,FALL,suk,1,75.32,0.9,0.16
2017-10-06,6,278,40,10,FALL,,0,81.27,0.84,0.12
2017-10-07,7,279,40,10,COLUMBUS DAY,,0,84.21,0.84,0.12
2017-10-08,1,280,41,10,COLUMBUS DAY,,0,83.31,0.67,0.11
2017-10-09,2,281,41,10,COLUMBUS DAY,col,1,83.3,0.67,0.12
2017-10-10,3,282,41,10,COLUMBUS DAY,,0,83.1,0.87,0.12
2017-10-11,4,283,41,10,FALL,,0,80.8,0.89,0.16
2017-10-12,5,284,41,10,FALL,sha,1,78.41,0.88,0.12
2017-10-13,6,285,41,10,FALL,,0,80.13,0.83,0.11
2017-10-14,7,286,41,10,FALL,,0,80.44,0.83,0.08
2017-10-15,1,287,42,10,FALL,,0,80.59,0.84,0.12
2017-10-16,2,288,42,10,FALL,,0,81.24,0.84,0.12
2017-10-17,3,289,42,10,FALL,,0,75.96,0.93,0.12
2017-10-18,4,290,42,10,FALL,,0,75.69,0.93,0.08
2017-10-19,5,291,42,10,FALL,utc,1,77.81,0.81,0.11
2017-10-20,6,292,42,10,FALL,utc,1,78.01,0.74,0.12
2017-10-21,7,293,42,10,FALL,,0,77.96,0.74,0.08
2017-10-22,1,294,43,10,FALL,,0,80.4,0.9,0.12
2017-10-23,2,295,43,10,FALL,,0,79.19,0.9,0.08
2017-10-24,3,296,43,10,FALL,,0,73.96,0.93,0.08
2017-10-25,4,297,43,10,FALL,,0,63.77,0.92,0.08
2017-10-26,5,298,43,10,FALL,,0,62.53,0.91,0.07
2017-10-27,6,299,43,10,FALL,nvd,1,66.78,0.83,0.08
2017-10-28,7,300,43,10,HALLOWEEN,,0,69.79,0.83,0.08
2017-10-29,1,301,44,10,HALLOWEEN,,0,60.53,0.93,0.04
2017-10-30,2,302,44,10,HALLOWEEN,,0,56.88,0.93,0.12
2017-10-31,3,303,44,10,HALLOWEEN,hal,1,61.11,0.95,0.08
2017-11-01,4,304,44,11,HALLOWEEN,,0,68.7,0.95,0.08
2017-11-02,5,305,44,11,HALLOWEEN,,0,71.25,0.95,0.08
2017-11-03,6,306,44,11,FALL,,0,72.76,0.9,0.12
2017-11-04,7,307,44,11,JERSEY WEEK,,0,73.11,0.9,0.11
2017-11-05,1,308,45,11,JERSEY WEEK,,0,73.22,0.93,0.08
2017-11-06,2,309,45,11,JERSEY WEEK,,0,76.25,0.93,0.12
2017-11-07,3,310,45,11,JERSEY WEEK,elc,1,74.86,0.84,0.08
2017-11-08,4,311,45,11,JERSEY WEEK,,0,73.69,0.94,0.08
2017-11-09,5,312,45,11,JERSEY WEEK,njc,1,73.93,0.93,0.08
2017-11-10,6,313,45,11,JERSEY WEEK,njc,1,67.16,0.47,0.08
2017-11-11,7,314,45,11,JERSEY WEEK,vet,1,70.02,0.47,0.08
2017-11-12,1,315,46,11,JERSEY WEEK,,0,73.36,0.94,0.03
2017-11-13,2,316,46,11,JERSEY WEEK,,0,74.13,0.94,0.08
2017-11-14,3,317,46,11,FALL,,0,70.19,0.96,0.08
2017-11-15,4,318,46,11,FALL,,0,66.8,0.96,0.08
2017-11-16,5,319,46,11,FALL,,0,67.09,0.96,0.08
2017-11-17,6,320,46,11,THANKSGIVING,,0,66.44,0.95,0.08
2017-11-18,7,321,46,11,THANKSGIVING,,0,67.23,0.95,0.04
2017-11-19,1,322,47,11,THANKSGIVING,,0,68.38,0.57,0.08
2017-11-20,2,323,47,11,THANKSGIVING,,0,63.1,0.57,0.08
2017-11-21,3,324,47,11,THANKSGIVING,,0,68.32,0.56,0.03
2017-11-22,4,325,47,11,THANKSGIVING,,0,70.57,0.12,0.08
2017-11-23,5,326,47,11,THANKSGIVING,thk,1,70.72,0.01,0.08
2017-11-24,6,327,47,11,THANKSGIVING,,0,63.05,0.01,0.08
2017-11-25,7,328,47,11,THANKSGIVING,,0,63.71,0.01,0.08
2017-11-26,1,329,48,11,THANKSGIVING,,0,64.47,0.96,0.08
2017-11-27,2,330,48,11,THANKSGIVING,,0,64.43,0.96,0.08
2017-11-28,3,331,48,11,THANKSGIVING,,0,70.78,0.96,0.08
2017-11-29,4,332,48,11,FALL,,0,73.06,0.96,0.11
2017-11-30,5,333,48,11,FALL,,0,71.73,0.96,0.08
2017-12-01,6,334,48,12,WINTER,,0,70.0,0.94,0.08
2017-12-02,7,335,48,12,WINTER,,0,70.49,0.94,0.08
2017-12-03,1,336,49,12,WINTER,,0,69.36,0.96,0.08
2017-12-04,2,337,49,12,WINTER,,0,69.53,0.96,0.08
2017-12-05,3,338,49,12,WINTER,,0,70.84,0.96,0.07
2017-12-06,4,339,49,12,WINTER,,0,71.97,0.96,0.08
2017-12-07,5,340,49,12,WINTER,,0,67.2,0.96,0.08
2017-12-08,6,341,49,12,WINTER,,0,72.12,0.95,0.08
2017-12-09,7,342,49,12,WINTER,,0,57.72,0.95,0.12
2017-12-10,1,343,50,12,WINTER,,0,48.46,0.95,0.08
2017-12-11,2,344,50,12,WINTER,,0,50.14,0.95,0.08
2017-12-12,3,345,50,12,WINTER,,0,57.28,0.95,0.08
2017-12-13,4,346,50,12,WINTER,han,1,53.01,0.94,0.07
2017-12-14,5,347,50,12,WINTER,,0,57.39,0.94,0.08
2017-12-15,6,348,50,12,WINTER,,0,66.79,0.92,0.12
2017-12-16,7,349,50,12,WINTER,,0,63.52,0.92,0.08
2017-12-17,1,350,51,12,WINTER,,0,66.42,0.79,0.08
2017-12-18,2,351,51,12,CHRISTMAS,,0,71.3,0.79,0.12
2017-12-19,3,352,51,12,CHRISTMAS,,0,72.82,0.77,0.11
2017-12-20,4,353,51,12,CHRISTMAS,,0,71.27,0.72,0.08
2017-12-21,5,354,51,12,CHRISTMAS,,0,73.13,0.59,0.12
2017-12-22,6,355,51,12,CHRISTMAS,,0,68.56,0.34,0.08
2017-12-23,7,356,51,12,CHRISTMAS,,0,69.19,0.34,0.12
2017-12-24,1,357,52,12,CHRISTMAS,cme,1,70.13,0.0,0.08
2017-12-25,2,358,52,12,CHRISTMAS,cmd,1,62.44,0.0,0.08
2017-12-26,3,359,52,12,CHRISTMAS,,0,62.49,0.02,0.07
2017-12-27,4,360,52,12,CHRISTMAS PEAK,,0,66.31,0.02,0.08
2017-12-28,5,361,52,12,CHRISTMAS PEAK,,0,63.53,0.02,0.08
2017-12-29,6,362,52,12,CHRISTMAS PEAK,,0,54.72,0.02,0.08
2017-12-30,7,363,52,12,CHRISTMAS PEAK,,0,56.74,0.02,0.04
2017-12-31,1,364,53,12,CHRISTMAS PEAK,nye,1,56.98,0.0,0.08
2018-01-01,2,0,0,1,CHRISTMAS PEAK,nyd,1,50.56,0.0,0.12
2018-01-02,3,1,0,1,CHRISTMAS,,0,48.61,0.25,0.12
2018-01-03,4,2,0,1,CHRISTMAS,,0,43.56,0.41,0.07
2018-01-04,5,3,0,1,CHRISTMAS,,0,42.02,0.5,0.12
2018-01-05,6,4,0,1,CHRISTMAS,,0,43.56,0.49,0.12
2018-01-06,7,5,0,1,CHRISTMAS,,0,46.77,0.49,0.12
2018-01-07,1,6,1,1,CHRISTMAS,,0,53.08,0.85,0.12
2018-01-08,2,7,1,1,CHRISTMAS,,0,60.31,0.85,0.08
2018-01-09,3,8,1,1,CHRISTMAS,,0,67.52,0.92,0.11
2018-01-10,4,9,1,1,WINTER,,0,69.86,0.92,0.08
2018-01-11,5,10,1,1,MARTIN LUTHER KING JUNIOR DAY,,0,71.91,0.93,0.08
2018-01-12,6,11,1,1,MARTIN LUTHER KING JUNIOR DAY,,0,70.91,0.88,0.08
2018-01-13,7,12,1,1,MARTIN LUTHER KING JUNIOR DAY,,0,54.01,0.88,0.12
2018-01-14,1,13,2,1,MARTIN LUTHER KING JUNIOR DAY,,0,48.95,0.01,0.12
2018-01-15,2,14,2,1,MARTIN LUTHER KING JUNIOR DAY,mlk,1,54.56,0.01,0.08
2018-01-16,3,15,2,1,MARTIN LUTHER KING JUNIOR DAY,,0,58.24,0.91,0.07
2018-01-17,4,16,2,1,MARTIN LUTHER KING JUNIOR DAY,,0,54.74,0.95,0.04
2018-01-18,5,17,2,1,MARTIN LUTHER KING JUNIOR DAY,,0,39.74,0.95,0.08
2018-01-19,6,18,2,1,MARTIN LUTHER KING JUNIOR DAY,,0,50.07,0.94,0.08
2018-01-20,7,19,2,1,WINTER,,0,56.19,0.94,0.12
2018-01-21,1,20,3,1,WINTER,,0,66.1,0.91,0.08
2018-01-22,2,21,3,1,WINTER,,0,68.22,0.91,0.08
2018-01-23,3,22,3,1,WINTER,,0,70.33,0.95,0.08
2018-01-24,4,23,3,1,WINTER,,0,59.83,0.94,0.07
2018-01-25,5,24,3,1,WINTER,,0,59.39,0.94,0.08
2018-01-26,6,25,3,1,WINTER,,0,62.51,0.92,0.08
2018-01-27,7,26,3,1,WINTER,,0,68.02,0.92,0.08
2018-01-28,1,27,4,1,WINTER,,0,70.27,0.91,0.08
2018-01-29,2,28,4,1,WINTER,,0,64.38,0.91,0.08
2018-01-30,3,29,4,1,WINTER,,0,54.24,0.96,0.04
2018-01-31,4,30,4,1,WINTER,,0,56.73,0.95,0.08
2018-02-01,5,31,4,2,WINTER,,0,60.52,0.96,0.04
2018-02-02,6,32,4,2,WINTER,,0,65.24,0.93,0.08
2018-02-03,7,33,4,2,WINTER,,0,61.01,0.93,0.04
2018-02-04,1,34,5,2,WINTER,sbs,1,66.63,0.96,0.04
2018-02-05,2,35,5,2,WINTER,,0,64.44,0.96,0.04
2018-02-06,3,36,5,2,WINTER,,0,67.08,0.96,0.04
2018-02-07,4,37,5,2,WINTER,,0,72.0,0.96,0.03
2018-02-08,5,38,5,2,WINTER,,0,69.85,0.96,0.08
2018-02-09,6,39,5,2,WINTER,,0,71.21,0.92,0.08
2018-02-10,7,40,5,2,WINTER,,0,74.01,0.92,0.12
2018-02-11,1,41,6,2,MARDI GRAS,,0,75.8,0.84,0.08
2018-02-12,2,42,6,2,MARDI GRAS,,0,77.01,0.84,0.12
2018-02-13,3,43,6,2,MARDI GRAS,mgs,1,73.88,0.94,0.12
2018-02-14,4,44,6,2,MARDI GRAS,ash|val,1,70.19,0.94,0.11
2018-02-15,5,45,6,2,PRESIDENTS WEEK,,0,71.66,0.93,0.12
2018-02-16,6,46,6,2,PRESIDENTS WEEK,,0,72.04,0.78,0.12
2018-02-17,7,47,6,2,PRESIDENTS WEEK,,0,71.65,0.78,0.12
2018-02-18,1,48,7,2,PRESIDENTS WEEK,,0,70.38,0.13,0.12
2018-02-19,2,49,7,2,PRESIDENTS WEEK,prs,1,73.23,0.13,0.11
2018-02-20,3,50,7,2,PRESIDENTS WEEK,,0,76.67,0.83,0.12
2018-02-21,4,51,7,2,PRESIDENTS WEEK,,0,76.36,0.89,0.16
2018-02-22,5,52,7,2,PRESIDENTS WEEK,,0,75.39,0.9,0.12
2018-02-23,6,53,7,2,PRESIDENTS WEEK,,0,74.17,0.87,0.12
2018-02-24,7,54,7,2,PRESIDENTS WEEK,,0,73.84,0.87,0.11
2018-02-25,1,55,8,2,PRESIDENTS WEEK,,0,75.07,0.94,0.12
2018-02-26,2,56,8,2,WINTER,,0,77.65,0.94,0.16
2018-02-27,3,57,8,2,WINTER,,0,72.88,0.95,0.16
2018-02-28,4,58,8,2,WINTER,,0,70.91,0.95,0.15
2018-03-01,5,59,8,3,SPRING,pur,1,75.17,0.93,0.15
2018-03-02,6,60,8,3,SPRING,,0,71.81,0.92,0.12
2018-03-03,7,61,8,3,SPRING,,0,62.17,0.92,0.12
2018-03-04,1,62,9,3,SPRING,,0,58.93,0.9,0.11
2018-03-05,2,63,9,3,SPRING,,0,61.15,0.9,0.12
2018-03-06,3,64,9,3,SPRING,,0,64.41,0.91,0.16
2018-03-07,4,65,9,3,SPRING,,0,64.79,0.94,0.16
2018-03-08,5,66,9,3,SPRING,,0,54.67,0.93,0.12
2018-03-09,6,67,9,3,SPRING,,0,55.09,0.86,0.15
2018-03-10,7,68,9,3,SPRING,,0,58.58,0.86,0.16
2018-03-11,1,69,10,3,SPRING,,0,70.94,0.72,0.12
2018-03-12,2,70,10,3,SPRING,,0,63.08,0.72,0.16
2018-03-13,3,71,10,3,SPRING,,0,55.26,0.75,0.07
2018-03-14,4,72,10,3,SPRING,,0,56.58,0.74,0.12
2018-03-15,5,73,10,3,SPRING,,0,55.78,0.74,0.12
2018-03-16,6,74,10,3,SPRING,,0,58.15,0.66,0.12
2018-03-17,7,75,10,3,SPRING,stp,1,66.35,0.66,0.16
2018-03-18,1,76,11,3,SPRING,,0,68.89,0.85,0.11
2018-03-19,2,77,11,3,SPRING,,0,73.08,0.85,0.12
2018-03-20,3,78,11,3,SPRING,,0,73.0,0.87,0.12
2018-03-21,4,79,11,3,SPRING,,0,62.06,0.87,0.12
2018-03-22,5,80,11,3,SPRING,,0,58.18,0.85,0.12
2018-03-23,6,81,11,3,EASTER,,0,58.54,0.8,0.12
2018-03-24,7,82,11,3,EASTER,,0,63.22,0.8,0.11
2018-03-25,1,83,12,3,EASTER,,0,68.85,0.69,0.12
2018-03-26,2,84,12,3,EASTER,,0,70.1,0.69,0.12
2018-03-27,3,85,12,3,EASTER,,0,69.82,0.7,0.12
2018-03-28,4,86,12,3,EASTER,,0,69.77,0.7,0.12
2018-03-29,5,87,12,3,EASTER,,0,73.41,0.65,0.07
2018-03-30,6,88,12,3,EASTER,gfr,1,74.65,0.39,0.12
2018-03-31,7,89,12,3,EASTER,chv|pas,1,69.49,0.39,0.08
2018-04-01,1,90,13,4,EASTER,ess,1,73.21,0.54,0.12
2018-04-02,2,91,13,4,EASTER,esm,1,75.41,0.54,0.12
2018-04-03,3,92,13,4,EASTER,,0,76.29,0.66,0.12
2018-04-04,4,93,13,4,EASTER,,0,76.02,0.67,0.07
2018-04-05,5,94,13,4,EASTER,,0,71.26,0.66,0.12
2018-04-06,6,95,13,4,EASTER,,0,72.57,0.65,0.08
2018-04-07,7,96,13,4,EASTER,,0,76.08,0.65,0.08
2018-04-08,1,97,14,4,EASTER,,0,70.66,0.93,0.08
2018-04-09,2,98,14,4,EASTER,,0,76.19,0.93,0.08
2018-04-10,3,99,14,4,EASTER,,0,70.23,0.93,0.08
2018-04-11,4,100,14,4,SPRING,,0,67.56,0.93,0.08
2018-04-12,5,101,14,4,SPRING,,0,68.35,0.93,0.03
2018-04-13,6,102,14,4,SPRING,,0,73.03,0.89,0.08
2018-04-14,7,103,14,4,SPRING,,0,75.69,0.89,0.08
2018-04-15,1,104,15,4,SPRING,,0,75.05,0.92,0.04
2018-04-16,2,105,15,4,SPRING,,0,63.63,0.92,0.04
2018-04-17,3,106,15,4,SPRING,,0,65.5,0.94,0.12
2018-04-18,4,107,15,4,SPRING,,0,69.32,0.94,0.08
2018-04-19,5,108,15,4,SPRING,,0,71.46,0.94,0.08
2018-04-20,6,109,15,4,SPRING,,0,71.84,0.9,0.08
2018-04-21,7,110,15,4,SPRING,,0,74.22,0.9,0.07
2018-04-22,1,111,16,4,SPRING,,0,75.49,0.93,0.12
2018-04-23,2,112,16,4,SPRING,,0,77.25,0.93,0.08
2018-04-24,3,113,16,4,SPRING,,0,74.82,0.94,0.12
2018-04-25,4,114,16,4,SPRING,,0,70.78,0.93,0.08
2018-04-26,5,115,16,4,SPRING,,0,70.18,0.93,0.08
2018-04-27,6,116,16,4,SPRING,,0,73.67,0.9,0.11
2018-04-28,7,117,16,4,SPRING,,0,71.6,0.9,0.08
2018-04-29,1,118,17,4,SPRING,,0,73.59,0.95,0.08
2018-04-30,2,119,17,4,SPRING,,0,73.45,0.95,0.04
2018-05-01,3,120,17,5,SPRING,,0,73.54,0.96,0.08
2018-05-02,4,121,17,5,SPRING,,0,72.33,0.96,0.04
2018-05-03,5,122,17,5,SPRING,,0,74.79,0.96,0.04
2018-05-04,6,123,17,5,SPRING,,0,75.16,0.93,0.04
2018-05-05,7,124,17,5,SPRING,cdm,1,73.95,0.93,0.04
2018-05-06,1,125,18,5,SPRING,,0,74.62,0.96,0.08
2018-05-07,2,126,18,5,SPRING,,0,78.17,0.96,0.07
2018-05-08,3,127,18,5,SPRING,,0,74.74,0.94,0.04
2018-05-09,4,128,18,5,SPRING,,0,74.58,0.96,0.08
2018-05-10,5,129,18,5,SPRING,,0,75.0,0.96,0.08
2018-05-11,6,130,18,5,SPRING,,0,78.85,0.96,0.08
2018-05-12,7,131,18,5,SPRING,,0,74.8,0.96,0.12
2018-05-13,1,132,19,5,SPRING,mot,1,76.37,0.95,0.08
2018-05-14,2,133,19,5,SPRING,,0,72.6,0.95,0.08
2018-05-15,3,134,19,5,SPRING,,0,76.52,0.96,0.11
2018-05-16,4,135,19,5,SPRING,,0,77.19,0.96,0.08
2018-05-17,5,136,19,5,SPRING,,0,76.24,0.95,0.08
2018-05-18,6,137,19,5,SPRING,,0,77.1,0.94,0.08
2018-05-19,7,138,19,5,SPRING,,0,75.57,0.94,0.12
2018-05-20,1,139,20,5,SPRING,svt,1,72.98,0.93,0.08
2018-05-21,2,140,20,5,SPRING,,0,75.27,0.93,0.12
2018-05-22,3,141,20,5,SPRING,,0,76.5,0.93,0.11
2018-05-23,4,142,20,5,SPRING,,0,78.25,0.93,0.12
2018-05-24,5,143,20,5,SPRING,,0,80.32,0.85,0.16
2018-05-25,6,144,20,5,SPRING,,0,78.76,0.76,0.12
2018-05-26,7,145,20,5,MEMORIAL DAY,,0,77.14,0.76,0.15
2018-05-27,1,146,21,5,MEMORIAL DAY,,0,75.78,0.0,0.16
2018-05-28,2,147,21,5,MEMORIAL DAY,mem,1,78.86,0.0,0.16
2018-05-29,3,148,21,5,MEMORIAL DAY,,0,80.11,0.69,0.2
2018-05-30,4,149,21,5,SPRING,,0,76.07,0.69,0.19
2018-05-31,5,150,21,5,SPRING,,0,78.52,0.64,0.2
2018-06-01,6,151,21,6,SPRING,,0,79.31,0.58,0.2
2018-06-02,7,152,21,6,SPRING,,0,81.35,0.58,0.24
2018-06-03,1,153,22,6,SPRING,,0,80.83,0.49,0.27
2018-06-04,2,154,22,6,SPRING,,0,84.68,0.49,0.28
2018-06-05,3,155,22,6,SPRING,,0,83.07,0.5,0.23
2018-06-06,4,156,22,6,SPRING,,0,78.46,0.48,0.28
2018-06-07,5,157,22,6,SPRING,,0,79.36,0.44,0.27
2018-06-08,6,158,22,6,SPRING,,0,79.0,0.39,0.28
2018-06-09,7,159,22,6,SPRING,,0,80.13,0.39,0.28
2018-06-10,1,160,23,6,SPRING,,0,80.4,0.32,0.27
2018-06-11,2,161,23,6,SPRING,,0,79.91,0.32,0.32
2018-06-12,3,162,23,6,SPRING,,0,80.82,0.33,0.27
2018-06-13,4,163,23,6,SPRING,,0,80.76,0.29,0.32
2018-06-14,5,164,23,6,SPRING,,0,79.72,0.27,0.31
2018-06-15,6,165,23,6,SPRING,,0,81.27,0.22,0.32
2018-06-16,7,166,23,6,SPRING,,0,82.62,0.22,0.31
2018-06-17,1,167,24,6,SPRING,fat,1,80.13,0.17,0.32
2018-06-18,2,168,24,6,SPRING,,0,80.2,0.17,0.31
2018-06-19,3,169,24,6,SPRING,,0,80.26,0.16,0.32
2018-06-20,4,170,24,6,SPRING,,0,80.32,0.16,0.35
2018-06-21,5,171,24,6,SPRING,,0,80.38,0.14,0.32
2018-06-22,6,172,24,6,SPRING,,0,82.76,0.11,0.31
2018-06-23,7,173,24,6,SPRING,,0,84.75,0.11,0.28
2018-06-24,1,174,25,6,SPRING,,0,84.11,0.12,0.31
2018-06-25,2,175,25,6,SPRING,,0,82.21,0.12,0.28
2018-06-26,3,176,25,6,SPRING,,0,81.41,0.11,0.27
2018-06-27,4,177,25,6,SPRING,,0,80.47,0.11,0.28
2018-06-28,5,178,25,6,SPRING,,0,82.96,0.1,0.27
2018-06-29,6,179,25,6,SPRING,,0,83.9,0.08,0.28
2018-06-30,7,180,25,6,SPRING,,0,81.96,0.08,0.31
2018-07-01,1,181,26,7,SUMMER BREAK,,0,82.6,0.0,0.28
2018-07-02,2,182,26,7,JULY 4TH,,0,82.6,0.0,0.28
2018-07-03,3,183,26,7,JULY 4TH,,0,83.24,0.0,0.27
2018-07-04,4,184,26,7,JULY 4TH,ind,1,83.7,0.0,0.28
2018-07-05,5,185,26,7,JULY 4TH,,0,84.82,0.0,0.27
2018-07-06,6,186,26,7,JULY 4TH,,0,83.92,0.0,0.28
2018-07-07,7,187,26,7,SUMMER BREAK,,0,81.77,0.0,0.27
2018-07-08,1,188,27,7,SUMMER BREAK,,0,81.88,0.05,0.28
2018-07-09,2,189,27,7,SUMMER BREAK,,0,82.98,0.05,0.24
2018-07-10,3,190,27,7,SUMMER BREAK,,0,81.96,0.04,0.27
2018-07-11,4,191,27,7,SUMMER BREAK,,0,82.06,0.04,0.24
2018-07-12,5,192,27,7,SUMMER BREAK,,0,80.63,0.04,0.23
2018-07-13,6,193,27,7,SUMMER BREAK,,0,82.24,0.04,0.24
2018-07-14,7,194,27,7,SUMMER BREAK,,0,84.12,0.04,0.2
2018-07-15,1,195,28,7,SUMMER BREAK,,0,83.97,0.04,0.23
2018-07-16,2,196,28,7,SUMMER BREAK,,0,82.82,0.04,0.2
2018-07-17,3,197,28,7,SUMMER BREAK,,0,81.31,0.04,0.2
2018-07-18,4,198,28,7,SUMMER BREAK,,0,81.51,0.04,0.19
2018-07-19,5,199,28,7,SUMMER BREAK,,0,81.97,0.06,0.2
2018-07-20,6,200,28,7,SUMMER BREAK,,0,80.65,0.06,0.2
2018-07-21,7,201,28,7,SUMMER BREAK,,0,79.54,0.06,0.19
2018-07-22,1,202,29,7,SUMMER BREAK,,0,78.3,0.07,0.24
2018-07-23,2,203,29,7,SUMMER BREAK,,0,82.39,0.07,0.2
2018-07-24,3,204,29,7,SUMMER BREAK,,0,84.26,0.08,0.23
2018-07-25,4,205,29,7,SUMMER BREAK,,0,85.5,0.12,0.24
2018-07-26,5,206,29,7,SUMMER BREAK,,0,84.21,0.12,0.24
2018-07-27,6,207,29,7,SUMMER BREAK,,0,84.15,0.12,0.19
2018-07-28,7,208,29,7,SUMMER BREAK,,0,82.07,0.12,0.2
2018-07-29,1,209,30,7,SUMMER BREAK,,0,79.21,0.12,0.2
2018-07-30,2,210,30,7,SUMMER BREAK,,0,76.5,0.12,0.19
2018-07-31,3,211,30,7,SUMMER BREAK,,0,82.71,0.12,0.2
2018-08-01,4,212,30,8,SUMMER BREAK,,0,79.66,0.14,0.2
2018-08-02,5,213,30,8,SUMMER BREAK,,0,82.84,0.15,0.28
2018-08-03,6,214,30,8,SUMMER BREAK,,0,83.57,0.16,0.23
2018-08-04,7,215,30,8,SUMMER BREAK,,0,84.69,0.16,0.24
2018-08-05,1,216,31,8,SUMMER BREAK,,0,84.45,0.25,0.23
2018-08-06,2,217,31,8,SUMMER BREAK,,0,84.91,0.25,0.24
2018-08-07,3,218,31,8,SUMMER BREAK,,0,85.46,0.25,0.28
2018-08-08,4,219,31,8,SUMMER BREAK,,0,85.22,0.27,0.23
2018-08-09,5,220,31,8,SUMMER BREAK,,0,84.88,0.28,0.24
2018-08-10,6,221,31,8,SUMMER BREAK,,0,82.99,0.31,0.27
2018-08-11,7,222,31,8,SUMMER BREAK,,0,83.23,0.31,0.24
2018-08-12,1,223,32,8,SUMMER BREAK,,0,81.97,0.45,0.24
2018-08-13,2,224,32,8,SUMMER BREAK,,0,83.35,0.45,0.23
2018-08-14,3,225,32,8,SUMMER BREAK,,0,83.53,0.45,0.24
2018-08-15,4,226,32,8,SUMMER BREAK,,0,83.68,0.5,0.27
2018-08-16,5,227,32,8,SUMMER BREAK,,0,83.5,0.55,0.24
2018-08-17,6,228,32,8,SUMMER BREAK,,0,82.16,0.54,0.28
2018-08-18,7,229,32,8,SUMMER BREAK,,0,83.02,0.54,0.23
2018-08-19,1,230,33,8,SUMMER BREAK,,0,83.53,0.64,0.28
2018-08-20,2,231,33,8,SUMMER BREAK,,0,83.6,0.64,0.23
2018-08-21,3,232,33,8,SEPTEMBER LOW,,0,83.63,0.66,0.24
2018-08-22,4,233,33,8,SEPTEMBER LOW,,0,83.89,0.67,0.28
2018-08-23,5,234,33,8,SEPTEMBER LOW,,0,83.51,0.71,0.23
2018-08-24,6,235,33,8,SEPTEMBER LOW,,0,81.28,0.71,0.28
2018-08-25,7,236,33,8,SEPTEMBER LOW,,0,81.03,0.71,0.23
2018-08-26,1,237,34,8,SEPTEMBER LOW,,0,80.47,0.82,0.28
2018-08-27,2,238,34,8,SEPTEMBER LOW,,0,79.09,0.82,0.28
2018-08-28,3,239,34,8,SEPTEMBER LOW,,0,80.51,0.83,0.23
2018-08-29,4,240,34,8,SEPTEMBER LOW,,0,82.78,0.84,0.28
2018-08-30,5,241,34,8,SEPTEMBER LOW,,0,85.27,0.85,0.23
2018-08-31,6,242,34,8,SEPTEMBER LOW,,0,82.79,0.8,0.28
2018-09-01,7,243,34,9,SEPTEMBER LOW,,0,79.79,0.8,0.27
2018-09-02,1,244,35,9,SEPTEMBER LOW,,0,80.24,0.01,0.24
2018-09-03,2,245,35,9,SEPTEMBER LOW,lab,1,81.71,0.01,0.23
2018-09-04,3,246,35,9,SEPTEMBER LOW,,0,82.04,0.94,0.24
2018-09-05,4,247,35,9,SEPTEMBER LOW,,0,80.04,0.96,0.2
2018-09-06,5,248,35,9,SEPTEMBER LOW,,0,82.98,0.96,0.23
2018-09-07,6,249,35,9,SEPTEMBER LOW,,0,82.05,0.95,0.24
2018-09-08,7,250,35,9,SEPTEMBER LOW,,0,80.12,0.95,0.23
2018-09-09,1,251,36,9,SEPTEMBER LOW,,0,77.09,0.88,0.24
2018-09-10,2,252,36,9,SEPTEMBER LOW,rha,1,78.55,0.88,0.24
2018-09-11,3,253,36,9,SEPTEMBER LOW,,0,80.16,0.94,0.23
2018-09-12,4,254,36,9,SEPTEMBER LOW,,0,80.6,0.95,0.24
2018-09-13,5,255,36,9,SEPTEMBER LOW,,0,82.76,0.95,0.24
2018-09-14,6,256,36,9,SEPTEMBER LOW,,0,82.22,0.94,0.19
2018-09-15,7,257,36,9,SEPTEMBER LOW,,0,83.07,0.94,0.24
2018-09-16,1,258,37,9,SEPTEMBER LOW,,0,82.01,0.93,0.2
2018-09-17,2,259,37,9,SEPTEMBER LOW,,0,79.4,0.93,0.19
2018-09-18,3,260,37,9,FALL,,0,79.76,0.95,0.2
2018-09-19,4,261,37,9,FALL,ymk,1,81.33,0.88,0.2
2018-09-20,5,262,37,9,FALL,,0,80.95,0.95,0.19
2018-09-21,6,263,37,9,FALL,,0,80.85,0.93,0.16
2018-09-22,7,264,37,9,FALL,,0,80.79,0.93,0.16
2018-09-23,1,265,38,9,FALL,,0,81.92,0.93,0.16
2018-09-24,2,266,38,9,FALL,suk,1,82.38,0.93,0.19
2018-09-25,3,267,38,9,FALL,,0,82.69,0.93,0.16
2018-09-26,4,268,38,9,FALL,,0,82.91,0.92,0.2
2018-09-27,5,269,38,9,FALL,,0,82.91,0.93,0.15
2018-09-28,6,270,38,9,FALL,,0,81.44,0.87,0.16
2018-09-29,7,271,38,9,FALL,,0,80.13,0.87,0.2
2018-09-30,1,272,39,9,FALL,,0,79.66,0.93,0.12
2018-10-01,2,273,39,10,FALL,sha,1,79.46,0.93,0.15
2018-10-02,3,274,39,10,FALL,,0,78.35,0.93,0.16
2018-10-03,4,275,39,10,FALL,,0,77.26,0.93,0.12
2018-10-04,5,276,39,10,FALL,,0,75.32,0.92,0.15
2018-10-05,6,277,39,10,FALL,,0,81.27,0.88,0.16
2018-10-06,7,278,39,10,COLUMBUS DAY,,0,84.21,0.88,0.12
2018-10-07,1,279,40,10,COLUMBUS DAY,,0,83.31,0.64,0.12
2018-10-08,2,280,40,10,COLUMBUS DAY,col,1,83.3,0.64,0.11
2018-10-09,3,281,40,10,COLUMBUS DAY,,0,83.1,0.84,0.12
2018-10-10,4,282,40,10,FALL,,0,80.8,0.88,0.12
2018-10-11,5,283,40,10,FALL,,0,78.41,0.86,0.16
2018-10-12,6,284,40,10,FALL,,0,80.13,0.8,0.12
2018-10-13,7,285,40,10,FALL,,0,80.44,0.8,0.11
2018-10-14,1,286,41,10,FALL,,0,80.59,0.87,0.08
2018-10-15,2,287,41,10,FALL,,0,81.24,0.87,0.12
2018-10-16,3,288,41,10,FALL,,0,75.96,0.94,0.12
2018-10-17,4,289,41,10,FALL,,0,75.69,0.93,0.12
2018-10-18,5,290,41,10,FALL,utc,1,77.81,0.85,0.08
2018-10-19,6,291,41,10,FALL,utc,1,78.01,0.78,0.11
2018-10-20,7,292,41,10,FALL,,0,77.96,0.78,0.12
2018-10-21,1,293,42,10,FALL,,0,80.4,0.91,0.08
2018-10-22,2,294,42,10,FALL,,0,79.19,0.91,0.12
2018-10-23,3,295,42,10,FALL,,0,73.96,0.96,0.08
2018-10-24,4,296,42,10,FALL,,0,63.77,0.96,0.08
2018-10-25,5,297,42,10,FALL,,0,62.53,0.93,0.08
2018-10-26,6,298,42,10,FALL,nvd,1,66.78,0.88,0.07
2018-10-27,7,299,42,10,FALL,,0,69.79,0.88,0.08
2018-10-28,1,300,43,10,HALLOWEEN,,0,60.53,0.92,0.08
2018-10-29,2,301,43,10,HALLOWEEN,,0,56.88,0.92,0.04
2018-10-30,3,302,43,10,HALLOWEEN,,0,61.11,0.94,0.12
2018-10-31,4,303,43,10,HALLOWEEN,hal,1,68.7,0.92,0.08
2018-11-01,5,304,43,11,HALLOWEEN,,0,71.25,0.91,0.08
2018-11-02,6,305,43,11,HALLOWEEN,,0,72.76,0.9,0.08
2018-11-03,7,306,43,11,JERSEY WEEK,,0,73.11,0.9,0.12
2018-11-04,1,307,44,11,JERSEY WEEK,,0,73.22,0.89,0.11
2018-11-05,2,308,44,11,JERSEY WEEK,,0,76.25,0.89,0.08
2018-11-06,3,309,44,11,JERSEY WEEK,elc,1,74.86,0.72,0.12
2018-11-07,4,310,44,11,JERSEY WEEK,,0,73.69,0.94,0.08
2018-11-08,5,311,44,11,JERSEY WEEK,njc,1,73.93,0.96,0.08
2018-11-09,6,312,44,11,JERSEY WEEK,njc,1,67.16,0.93,0.08
2018-11-10,7,313,44,11,JERSEY WEEK,,0,67.16,0.93,0.08
2018-11-11,1,314,45,11,JERSEY WEEK,vet,1,70.02,0.53,0.08
2018-11-12,2,315,45,11,JERSEY WEEK,,0,74.13,0.53,0.03
2018-11-13,3,316,45,11,FALL,,0,70.19,0.96,0.08
2018-11-14,4,317,45,11,FALL,,0,66.8,0.96,0.08
2018-11-15,5,318,45,11,FALL,,0,67.09,0.96,0.08
2018-11-16,6,319,45,11,THANKSGIVING,,0,66.44,0.94,0.08
2018-11-17,7,320,45,11,THANKSGIVING,,0,67.23,0.94,0.08
2018-11-18,1,321,46,11,THANKSGIVING,,0,68.38,0.51,0.04
2018-11-19,2,322,46,11,THANKSGIVING,,0,63.1,0.51,0.08
2018-11-20,3,323,46,11,THANKSGIVING,,0,68.32,0.49,0.08
2018-11-21,4,324,46,11,THANKSGIVING,,0,70.57,0.1,0.03
2018-11-22,5,325,46,11,THANKSGIVING,thk,1,70.72,0.0,0.08
2018-11-23,6,326,46,11,THANKSGIVING,,0,63.05,0.0,0.08
2018-11-24,7,327,46,11,THANKSGIVING,,0,63.71,0.0,0.08
2018-11-25,1,328,47,11,THANKSGIVING,,0,64.47,0.96,0.08
2018-11-26,2,329,47,11,THANKSGIVING,,0,64.43,0.96,0.08
2018-11-27,3,330,47,11,THANKSGIVING,,0,70.78,0.96,0.08
2018-11-28,4,331,47,11,FALL,,0,73.06,0.96,0.08
2018-11-29,5,332,47,11,FALL,,0,71.73,0.95,0.11
2018-11-30,6,333,47,11,FALL,,0,70.0,0.94,0.08
2018-12-01,7,334,47,12,WINTER,,0,70.49,0.94,0.08
2018-12-02,1,335,48,12,WINTER,,0,69.36,0.96,0.08
2018-12-03,2,336,48,12,WINTER,han,1,69.53,0.96,0.08
2018-12-04,3,337,48,12,WINTER,,0,70.84,0.96,0.08
2018-12-05,4,338,48,12,WINTER,,0,71.97,0.96,0.07
2018-12-06,5,339,48,12,WINTER,,0,67.2,0.96,0.08
2018-12-07,6,340,48,12,WINTER,,0,72.12,0.96,0.08
2018-12-08,7,341,48,12,WINTER,,0,57.72,0.96,0.08
2018-12-09,1,342,49,12,WINTER,,0,48.46,0.96,0.12
2018-12-10,2,343,49,12,WINTER,,0,50.14,0.96,0.08
2018-12-11,3,344,49,12,WINTER,,0,57.28,0.96,0.08
2018-12-12,4,345,49,12,WINTER,,0,53.01,0.96,0.08
2018-12-13,5,346,49,12,WINTER,,0,57.39,0.96,0.07
2018-12-14,6,347,49,12,WINTER,,0,66.79,0.96,0.08
2018-12-15,7,348,49,12,WINTER,,0,63.52,0.96,0.12
2018-12-16,1,349,50,12,WINTER,,0,66.42,0.91,0.08
2018-12-17,2,350,50,12,WINTER,,0,71.3,0.91,0.08
2018-12-18,3,351,50,12,CHRISTMAS,,0,72.82,0.9,0.12
2018-12-19,4,352,50,12,CHRISTMAS,,0,71.27,0.88,0.11
2018-12-20,5,353,50,12,CHRISTMAS,,0,73.13,0.8,0.08
2018-12-21,6,354,50,12,CHRISTMAS,,0,68.56,0.57,0.12
2018-12-22,7,355,50,12,CHRISTMAS,,0,69.19,0.57,0.08
2018-12-23,1,356,51,12,CHRISTMAS,,0,69.19,0.0,0.12
2018-12-24,2,357,51,12,CHRISTMAS,cme,1,70.13,0.0,0.08
2018-12-25,3,358,51,12,CHRISTMAS,cmd,1,62.44,0.0,0.08
2018-12-26,4,359,51,12,CHRISTMAS,,0,66.31,0.0,0.07
2018-12-27,5,360,51,12,CHRISTMAS PEAK,,0,63.53,0.0,0.08
2018-12-28,6,361,51,12,CHRISTMAS PEAK,,0,54.72,0.0,0.08
2018-12-29,7,362,51,12,CHRISTMAS PEAK,,0,56.74,0.0,0.08
2018-12-30,1,363,52,12,CHRISTMAS PEAK,,0,56.74,0.0,0.04
2018-12-31,2,364,52,12,CHRISTMAS PEAK,nye,1,56.98,0.0,0.08
2019-01-01,3,0,0,1,CHRISTMAS PEAK,nyd,1,50.56,0.0,0.12
2019-01-02,4,1,0,1,CHRISTMAS,,0,48.61,0.22,0.12
2019-01-03,5,2,0,1,CHRISTMAS,,0,42.02,0.37,0.07
2019-01-04,6,3,0,1,CHRISTMAS,,0,43.56,0.37,0.12
2019-01-05,7,4,0,1,CHRISTMAS,,0,46.77,0.37,0.12
2019-01-06,1,5,1,1,CHRISTMAS,,0,53.08,0.73,0.12
2019-01-07,2,6,1,1,CHRISTMAS,,0,60.31,0.73,0.12
2019-01-08,3,7,1,1,CHRISTMAS,,0,67.52,0.89,0.08
2019-01-09,4,8,1,1,CHRISTMAS,,0,69.86,0.92,0.11
2019-01-10,5,9,1,1,WINTER,,0,71.91,0.91,0.08
2019-01-11,6,10,1,1,WINTER,,0,70.91,0.89,0.08
2019-01-12,7,11,1,1,WINTER,,0,54.01,0.89,0.08
2019-01-13,1,12,2,1,WINTER,,0,48.95,0.91,0.12
2019-01-14,2,13,2,1,WINTER,,0,54.56,0.91,0.12
2019-01-15,3,14,2,1,WINTER,,0,58.24,0.95,0.08
2019-01-16,4,15,2,1,WINTER,,0,54.74,0.96,0.07
2019-01-17,5,16,2,1,MARTIN LUTHER KING JUNIOR DAY,,0,39.74,0.96,0.04
2019-01-18,6,17,2,1,MARTIN LUTHER KING JUNIOR DAY,,0,50.07,0.92,0.08
2019-01-19,7,18,2,1,MARTIN LUTHER KING JUNIOR DAY,,0,56.19,0.92,0.08
2019-01-20,1,19,3,1,MARTIN LUTHER KING JUNIOR DAY,,0,66.1,0.01,0.12
2019-01-21,2,20,3,1,MARTIN LUTHER KING JUNIOR DAY,mlk,1,68.22,0.01,0.08
2019-01-22,3,21,3,1,MARTIN LUTHER KING JUNIOR DAY,,0,70.33,0.91,0.08
2019-01-23,4,22,3,1,MARTIN LUTHER KING JUNIOR DAY,,0,59.83,0.96,0.08
2019-01-24,5,23,3,1,MARTIN LUTHER KING JUNIOR DAY,,0,59.39,0.96,0.07
2019-01-25,6,24,3,1,MARTIN LUTHER KING JUNIOR DAY,,0,62.51,0.92,0.08
2019-01-26,7,25,3,1,WINTER,,0,68.02,0.92,0.08
2019-01-27,1,26,4,1,WINTER,,0,70.27,0.93,0.08
2019-01-28,2,27,4,1,WINTER,,0,64.38,0.93,0.08
2019-01-29,3,28,4,1,WINTER,,0,54.24,0.95,0.08
2019-01-30,4,29,4,1,WINTER,,0,56.73,0.94,0.04
2019-01-31,5,30,4,1,WINTER,,0,60.52,0.94,0.08
2019-02-01,6,31,4,2,WINTER,,0,65.24,0.86,0.04
2019-02-02,7,32,4,2,WINTER,,0,61.01,0.86,0.08
2019-02-03,1,33,5,2,WINTER,sbs,1,66.63,0.96,0.04
2019-02-04,2,34,5,2,WINTER,,0,64.44,0.96,0.04
2019-02-05,3,35,5,2,WINTER,,0,67.08,0.94,0.04
2019-02-06,4,36,5,2,WINTER,,0,72.0,0.95,0.04
2019-02-07,5,37,5,2,WINTER,,0,69.85,0.96,0.03
2019-02-08,6,38,5,2,WINTER,,0,71.21,0.92,0.08
2019-02-09,7,39,5,2,WINTER,,0,74.01,0.92,0.08
2019-02-10,1,40,6,2,WINTER,,0,75.8,0.84,0.12
2019-02-11,2,41,6,2,WINTER,,0,77.01,0.84,0.08
2019-02-12,3,42,6,2,WINTER,,0,73.88,0.95,0.12
2019-02-13,4,43,6,2,WINTER,,0,70.19,0.95,0.12
2019-02-14,5,44,6,2,PRESIDENTS WEEK,val,1,71.66,0.94,0.11
2019-02-15,6,45,6,2,PRESIDENTS WEEK,,0,72.04,0.78,0.12
2019-02-16,7,46,6,2,PRESIDENTS WEEK,,0,71.65,0.78,0.12
2019-02-17,1,47,7,2,PRESIDENTS WEEK,,0,70.38,0.16,0.12
2019-02-18,2,48,7,2,PRESIDENTS WEEK,prs,1,73.23,0.16,0.12
2019-02-19,3,49,7,2,PRESIDENTS WEEK,,0,76.67,0.86,0.11
2019-02-20,4,50,7,2,PRESIDENTS WEEK,,0,76.36,0.9,0.12
2019-02-21,5,51,7,2,PRESIDENTS WEEK,,0,75.39,0.89,0.16
2019-02-22,6,52,7,2,PRESIDENTS WEEK,,0,74.17,0.87,0.12
2019-02-23,7,53,7,2,PRESIDENTS WEEK,,0,73.84,0.87,0.12
2019-02-24,1,54,8,2,PRESIDENTS WEEK,,0,75.07,0.93,0.11
2019-02-25,2,55,8,2,WINTER,,0,77.65,0.93,0.12
2019-02-26,3,56,8,2,WINTER,,0,72.88,0.93,0.16
2019-02-27,4,57,8,2,WINTER,,0,70.91,0.93,0.16
2019-02-28,5,58,8,2,WINTER,,0,75.17,0.93,0.15
2019-03-01,6,59,8,3,SPRING,,0,71.81,0.93,0.15
2019-03-02,7,60,8,3,SPRING,,0,62.17,0.93,0.12
2019-03-03,1,61,9,3,MARDI GRAS,,0,58.93,0.92,0.12
2019-03-04,2,62,9,3,MARDI GRAS,,0,61.15,0.92,0.11
2019-03-05,3,63,9,3,MARDI GRAS,mgs,1,64.41,0.94,0.12
2019-03-06,4,64,9,3,MARDI GRAS,ash,1,64.79,0.94,0.16
2019-03-07,5,65,9,3,SPRING,,0,54.67,0.94,0.16
2019-03-08,6,66,9,3,SPRING,,0,55.09,0.91,0.12
2019-03-09,7,67,9,3,SPRING,,0,58.58,0.91,0.15
2019-03-10,1,68,10,3,SPRING,,0,70.94,0.75,0.16
2019-03-11,2,69,10,3,SPRING,,0,63.08,0.75,0.12
2019-03-12,3,70,10,3,SPRING,,0,55.26,0.76,0.16
2019-03-13,4,71,10,3,SPRING,,0,56.58,0.77,0.07
2019-03-14,5,72,10,3,SPRING,,0,55.78,0.77,0.12
2019-03-15,6,73,10,3,SPRING,,0,58.15,0.68,0.12
2019-03-16,7,74,10,3,SPRING,,0,66.35,0.68,0.12
2019-03-17,1,75,11,3,SPRING,stp,1,68.89,0.78,0.16
2019-03-18,2,76,11,3,SPRING,,0,73.08,0.78,0.11
2019-03-19,3,77,11,3,SPRING,,0,73.0,0.81,0.12
2019-03-20,4,78,11,3,SPRING,,0,62.06,0.81,0.12
2019-03-21,5,79,11,3,SPRING,pur,1,58.18,0.81,0.12
2019-03-22,6,80,11,3,SPRING,,0,58.54,0.75,0.12
2019-03-23,7,81,11,3,SPRING,,0,66.35,0.75,0.12
2019-03-24,1,82,12,3,SPRING,,0,68.89,0.81,0.11
2019-03-25,2,83,12,3,SPRING,,0,73.08,0.81,0.12
2019-03-26,3,84,12,3,SPRING,,0,73.0,0.82,0.12
2019-03-27,4,85,12,3,SPRING,,0,62.06,0.84,0.12
2019-03-28,5,86,12,3,SPRING,,0,58.18,0.82,0.12
2019-03-29,6,87,12,3,SPRING,,0,58.54,0.78,0.07
2019-03-30,7,88,12,3,SPRING,,0,63.22,0.78,0.12
2019-03-31,1,89,13,3,SPRING,chv,1,68.85,0.76,0.08
2019-04-01,2,90,13,4,SPRING,chv,1,73.08,0.76,0.12
2019-04-02,3,91,13,4,SPRING,,0,73.0,0.78,0.12
2019-04-03,4,92,13,4,SPRING,,0,62.06,0.78,0.12
2019-04-04,5,93,13,4,SPRING,,0,58.18,0.76,0.07
2019-04-05,6,94,13,4,SPRING,,0,58.54,0.75,0.12
2019-04-06,7,95,13,4,SPRING,,0,63.22,0.75,0.08
2019-04-07,1,96,14,4,SPRING,,0,68.85,0.91,0.08
2019-04-08,2,97,14,4,SPRING,,0,73.08,0.91,0.08
2019-04-09,3,98,14,4,SPRING,,0,73.0,0.93,0.08
2019-04-10,4,99,14,4,SPRING,,0,62.06,0.93,0.08
2019-04-11,5,100,14,4,SPRING,,0,58.18,0.92,0.08
2019-04-12,6,101,14,4,EASTER,,0,58.54,0.91,0.03
2019-04-13,7,102,14,4,EASTER,,0,63.22,0.91,0.08
2019-04-14,1,103,15,4,EASTER,,0,68.85,0.77,0.08
2019-04-15,2,104,15,4,EASTER,,0,70.1,0.77,0.04
2019-04-16,3,105,15,4,EASTER,,0,69.82,0.78,0.04
2019-04-17,4,106,15,4,EASTER,,0,69.77,0.75,0.12
2019-04-18,5,107,15,4,EASTER,,0,73.41,0.73,0.08
2019-04-19,6,108,15,4,EASTER,gfr,1,74.65,0.34,0.08
2019-04-20,7,109,15,4,EASTER,pas,1,69.49,0.34,0.08
2019-04-21,1,110,16,4,EASTER,ess,1,73.21,0.7,0.07
2019-04-22,2,111,16,4,EASTER,esm,1,75.41,0.7,0.12
2019-04-23,3,112,16,4,EASTER,,0,76.29,0.91,0.08
2019-04-24,4,113,16,4,EASTER,,0,76.02,0.92,0.12
2019-04-25,5,114,16,4,EASTER,,0,71.26,0.92,0.08
2019-04-26,6,115,16,4,EASTER,,0,72.57,0.89,0.08
2019-04-27,7,116,16,4,EASTER,,0,76.08,0.89,0.11
2019-04-28,1,117,17,4,EASTER,,0,70.66,0.95,0.08
2019-04-29,2,118,17,4,EASTER,,0,73.45,0.95,0.08
2019-04-30,3,119,17,4,EASTER,,0,73.54,0.96,0.04
2019-05-01,4,120,17,5,SPRING,,0,72.33,0.96,0.08
2019-05-02,5,121,17,5,SPRING,,0,74.79,0.96,0.04
2019-05-03,6,122,17,5,SPRING,,0,75.16,0.94,0.04
2019-05-04,7,123,17,5,SPRING,,0,73.95,0.94,0.04
2019-05-05,1,124,18,5,SPRING,cdm,1,74.62,0.96,0.04
2019-05-06,2,125,18,5,SPRING,,0,78.17,0.96,0.08
2019-05-07,3,126,18,5,SPRING,,0,74.74,0.96,0.07
2019-05-08,4,127,18,5,SPRING,,0,74.58,0.96,0.04
2019-05-09,5,128,18,5,SPRING,,0,75.0,0.96,0.08
2019-05-10,6,129,18,5,SPRING,,0,78.85,0.94,0.08
2019-05-11,7,130,18,5,SPRING,,0,74.8,0.94,0.08
2019-05-12,1,131,19,5,SPRING,mot,1,76.37,0.96,0.12
2019-05-13,2,132,19,5,SPRING,,0,72.6,0.96,0.08
2019-05-14,3,133,19,5,SPRING,,0,76.52,0.95,0.08
2019-05-15,4,134,19,5,SPRING,,0,77.19,0.96,0.11
2019-05-16,5,135,19,5,SPRING,,0,76.24,0.96,0.08
2019-05-17,6,136,19,5,SPRING,,0,77.1,0.95,0.08
2019-05-18,7,137,19,5,SPRING,,0,75.57,0.95,0.08
2019-05-19,1,138,20,5,SPRING,,0,72.98,0.96,0.12
2019-05-20,2,139,20,5,SPRING,,0,75.27,0.96,0.08
2019-05-21,3,140,20,5,SPRING,,0,76.5,0.95,0.12
2019-05-22,4,141,20,5,SPRING,,0,78.25,0.94,0.11
2019-05-23,5,142,20,5,SPRING,,0,80.32,0.9,0.12
2019-05-24,6,143,20,5,SPRING,,0,78.76,0.76,0.16
2019-05-25,7,144,20,5,MEMORIAL DAY,,0,77.14,0.76,0.12
2019-05-26,1,145,21,5,MEMORIAL DAY,,0,75.78,0.01,0.15
2019-05-27,2,146,21,5,MEMORIAL DAY,mem,1,78.86,0.01,0.16
2019-05-28,3,147,21,5,MEMORIAL DAY,,0,80.11,0.71,0.16
2019-05-29,4,148,21,5,SPRING,,0,76.07,0.7,0.2
2019-05-30,5,149,21,5,SPRING,,0,78.52,0.67,0.19
2019-05-31,6,150,21,5,SPRING,,0,79.31,0.57,0.2
2019-06-01,7,151,21,6,SPRING,,0,81.35,0.57,0.2
2019-06-02,1,152,22,6,SPRING,,0,80.83,0.47,0.24
2019-06-03,2,153,22,6,SPRING,,0,84.68,0.47,0.27
2019-06-04,3,154,22,6,SPRING,,0,83.07,0.48,0.28
2019-06-05,4,155,22,6,SPRING,,0,78.46,0.47,0.23
2019-06-06,5,156,22,6,SPRING,,0,79.36,0.4,0.28
2019-06-07,6,157,22,6,SPRING,,0,79.0,0.39,0.27
2019-06-08,7,158,22,6,SPRING,,0,80.13,0.39,0.28
2019-06-09,1,159,23,6,SPRING,svt,1,80.4,0.32,0.28
2019-06-10,2,160,23,6,SPRING,,0,79.91,0.32,0.27
2019-06-11,3,161,23,6,SPRING,,0,80.82,0.32,0.32
2019-06-12,4,162,23,6,SPRING,,0,80.76,0.29,0.27
2019-06-13,5,163,23,6,SPRING,,0,79.72,0.27,0.32
2019-06-14,6,164,23,6,SPRING,,0,81.27,0.24,0.31
2019-06-15,7,165,23,6,SPRING,,0,82.62,0.24,0.32
2019-06-16,1,166,24,6,SPRING,fat,1,80.13,0.17,0.31
2019-06-17,2,167,24,6,SPRING,,0,80.2,0.17,0.32
2019-06-18,3,168,24,6,SPRING,,0,80.26,0.17,0.31
2019-06-19,4,169,24,6,SPRING,,0,80.32,0.16,0.32
2019-06-20,5,170,24,6,SPRING,,0,80.38,0.14,0.35
2019-06-21,6,171,24,6,SPRING,,0,82.76,0.14,0.32
2019-06-22,7,172,24,6,SPRING,,0,84.75,0.14,0.31
2019-06-23,1,173,25,6,SPRING,,0,84.11,0.14,0.28
2019-06-24,2,174,25,6,SPRING,,0,82.21,0.14,0.31
2019-06-25,3,175,25,6,SPRING,,0,81.41,0.14,0.28
2019-06-26,4,176,25,6,SPRING,,0,80.47,0.14,0.27
2019-06-27,5,177,25,6,SPRING,,0,82.96,0.12,0.28
2019-06-28,6,178,25,6,SPRING,,0,83.9,0.12,0.27
2019-06-29,7,179,25,6,SPRING,,0,81.96,0.12,0.28
2019-06-30,1,180,26,6,SPRING,,0,82.6,,0.31
2019-07-01,2,181,26,7,SUMMER BREAK,,0,82.6,0.01,0.28
2019-07-02,3,182,26,7,JULY 4TH,,0,82.6,0.02,0.28
2019-07-03,4,183,26,7,JULY 4TH,,0,83.24,0.02,0.27
2019-07-04,5,184,26,7,JULY 4TH,ind,1,83.7,0.0,0.28
2019-07-05,6,185,26,7,JULY 4TH,,0,84.82,0.0,0.27
2019-07-06,7,186,26,7,JULY 4TH,,0,81.77,0.0,0.28
2019-07-07,1,187,27,7,SUMMER BREAK,,0,81.88,0.04,0.27
2019-07-08,2,188,27,7,SUMMER BREAK,,0,82.98,0.04,0.28
2019-07-09,3,189,27,7,SUMMER BREAK,,0,81.96,0.05,0.24
2019-07-10,4,190,27,7,SUMMER BREAK,,0,82.06,0.05,0.27
2019-07-11,5,191,27,7,SUMMER BREAK,,0,80.63,0.05,0.24
2019-07-12,6,192,27,7,SUMMER BREAK,,0,82.24,0.05,0.23
2019-07-13,7,193,27,7,SUMMER BREAK,,0,84.12,0.05,0.24
2019-07-14,1,194,28,7,SUMMER BREAK,,0,83.97,0.05,0.2
2019-07-15,2,195,28,7,SUMMER BREAK,,0,82.82,0.05,0.23
2019-07-16,3,196,28,7,SUMMER BREAK,,0,81.31,0.05,0.2
2019-07-17,4,197,28,7,SUMMER BREAK,,0,81.51,0.05,0.2
2019-07-18,5,198,28,7,SUMMER BREAK,,0,81.97,0.07,0.19
2019-07-19,6,199,28,7,SUMMER BREAK,,0,80.65,0.07,0.2
2019-07-20,7,200,28,7,SUMMER BREAK,,0,79.54,0.07,0.2
2019-07-21,1,201,29,7,SUMMER BREAK,,0,78.3,0.07,0.19
2019-07-22,2,202,29,7,SUMMER BREAK,,0,82.39,0.07,0.24
2019-07-23,3,203,29,7,SUMMER BREAK,,0,84.26,0.08,0.2
2019-07-24,4,204,29,7,SUMMER BREAK,,0,85.5,0.08,0.23
2019-07-25,5,205,29,7,SUMMER BREAK,,0,84.21,0.11,0.24
2019-07-26,6,206,29,7,SUMMER BREAK,,0,84.15,0.12,0.24
2019-07-27,7,207,29,7,SUMMER BREAK,,0,82.07,0.12,0.19
2019-07-28,1,208,30,7,SUMMER BREAK,,0,79.21,0.12,0.2
2019-07-29,2,209,30,7,SUMMER BREAK,,0,76.5,0.12,0.2
2019-07-30,3,210,30,7,SUMMER BREAK,,0,82.71,0.12,0.19
2019-07-31,4,211,30,7,SUMMER BREAK,,0,79.66,0.12,0.2
2019-08-01,5,212,30,8,SUMMER BREAK,,0,82.84,0.13,0.2
2019-08-02,6,213,30,8,SUMMER BREAK,,0,83.57,0.13,0.28
2019-08-03,7,214,30,8,SUMMER BREAK,,0,84.69,0.13,0.23
2019-08-04,1,215,31,8,SUMMER BREAK,,0,84.45,0.19,0.24
2019-08-05,2,216,31,8,SUMMER BREAK,,0,84.91,0.19,0.23
2019-08-06,3,217,31,8,SUMMER BREAK,,0,85.46,0.2,0.24
2019-08-07,4,218,31,8,SUMMER BREAK,,0,85.22,0.21,0.28
2019-08-08,5,219,31,8,SUMMER BREAK,,0,84.88,0.23,0.23
2019-08-09,6,220,31,8,SUMMER BREAK,,0,82.99,0.23,0.24
2019-08-10,7,221,31,8,SUMMER BREAK,,0,83.23,0.23,0.27
2019-08-11,1,222,32,8,SUMMER BREAK,,0,81.97,0.43,0.24
2019-08-12,2,223,32,8,SUMMER BREAK,,0,83.35,0.43,0.24
2019-08-13,3,224,32,8,SUMMER BREAK,,0,83.53,0.45,0.23
2019-08-14,4,225,32,8,SUMMER BREAK,,0,83.68,0.51,0.24
2019-08-15,5,226,32,8,SUMMER BREAK,,0,83.5,0.54,0.27
2019-08-16,6,227,32,8,SUMMER BREAK,,0,82.16,0.53,0.24
2019-08-17,7,228,32,8,SUMMER BREAK,,0,83.02,0.53,0.28
2019-08-18,1,229,33,8,SUMMER BREAK,,0,83.53,0.61,0.23
2019-08-19,2,230,33,8,SUMMER BREAK,,0,83.6,0.61,0.28
2019-08-20,3,231,33,8,SEPTEMBER LOW,,0,83.63,0.66,0.23
2019-08-21,4,232,33,8,SEPTEMBER LOW,,0,83.89,0.68,0.24
2019-08-22,5,233,33,8,SEPTEMBER LOW,,0,83.51,0.72,0.28
2019-08-23,6,234,33,8,SEPTEMBER LOW,,0,81.28,0.71,0.23
2019-08-24,7,235,33,8,SEPTEMBER LOW,,0,81.03,0.71,0.28
2019-08-25,1,236,34,8,SEPTEMBER LOW,,0,80.47,0.8,0.23
2019-08-26,2,237,34,8,SEPTEMBER LOW,,0,79.09,0.8,0.28
2019-08-27,3,238,34,8,SEPTEMBER LOW,,0,80.51,0.79,0.28
2019-08-28,4,239,34,8,SEPTEMBER LOW,,0,82.78,0.83,0.23
2019-08-29,5,240,34,8,SEPTEMBER LOW,,0,85.27,0.84,0.28
2019-08-30,6,241,34,8,SEPTEMBER LOW,,0,82.79,0.82,0.23
2019-08-31,7,242,34,8,SEPTEMBER LOW,,0,79.79,0.82,0.28
2019-09-01,1,243,35,9,SEPTEMBER LOW,,0,80.24,0.0,0.27
2019-09-02,2,244,35,9,SEPTEMBER LOW,lab,1,81.71,0.0,0.24
2019-09-03,3,245,35,9,SEPTEMBER LOW,,0,82.04,0.92,0.23
2019-09-04,4,246,35,9,SEPTEMBER LOW,,0,80.04,0.95,0.24
2019-09-05,5,247,35,9,SEPTEMBER LOW,,0,82.98,0.96,0.2
2019-09-06,6,248,35,9,SEPTEMBER LOW,,0,82.05,0.96,0.23
2019-09-07,7,249,35,9,SEPTEMBER LOW,,0,80.12,0.96,0.24
2019-09-08,1,250,36,9,SEPTEMBER LOW,,0,77.09,0.97,0.23
2019-09-09,2,251,36,9,SEPTEMBER LOW,,0,78.55,0.97,0.24
2019-09-10,3,252,36,9,SEPTEMBER LOW,,0,80.16,0.97,0.24
2019-09-11,4,253,36,9,SEPTEMBER LOW,,0,80.6,0.96,0.23
2019-09-12,5,254,36,9,SEPTEMBER LOW,,0,82.76,0.96,0.24
2019-09-13,6,255,36,9,SEPTEMBER LOW,,0,82.22,0.95,0.24
2019-09-14,7,256,36,9,SEPTEMBER LOW,,0,83.07,0.95,0.19
2019-09-15,1,257,37,9,SEPTEMBER LOW,,0,82.01,0.96,0.24
2019-09-16,2,258,37,9,SEPTEMBER LOW,,0,79.4,0.96,0.2
2019-09-17,3,259,37,9,FALL,,0,79.76,0.96,0.19
2019-09-18,4,260,37,9,FALL,,0,81.33,0.97,0.2
2019-09-19,5,261,37,9,FALL,,0,80.95,0.97,0.2
2019-09-20,6,262,37,9,FALL,,0,80.85,0.94,0.19
2019-09-21,7,263,37,9,FALL,,0,80.79,0.94,0.16
2019-09-22,1,264,38,9,FALL,,0,81.92,0.96,0.16
2019-09-23,2,265,38,9,FALL,,0,82.38,0.96,0.16
2019-09-24,3,266,38,9,FALL,,0,82.69,0.96,0.19
2019-09-25,4,267,38,9,FALL,,0,82.91,0.95,0.16
2019-09-26,5,268,38,9,FALL,,0,82.91,0.96,0.2
2019-09-27,6,269,38,9,FALL,,0,81.44,0.88,0.15
2019-09-28,7,270,38,9,FALL,,0,80.13,0.88,0.16
2019-09-29,1,271,39,9,FALL,,0,79.66,0.85,0.2
2019-09-30,2,272,39,9,FALL,rha,1,79.46,0.85,0.12
2019-10-01,3,273,39,10,FALL,,0,78.35,0.95,0.15
2019-10-02,4,274,39,10,FALL,,0,77.26,0.96,0.16
2019-10-03,5,275,39,10,FALL,,0,75.32,0.96,0.12
2019-10-04,6,276,39,10,FALL,,0,81.27,0.93,0.15
2019-10-05,7,277,39,10,FALL,,0,84.21,0.93,0.16
2019-10-06,1,278,40,10,FALL,,0,79.66,0.87,0.12
2019-10-07,2,279,40,10,FALL,,0,79.46,0.87,0.12
2019-10-08,3,280,40,10,FALL,,0,78.35,0.89,0.11
2019-10-09,4,281,40,10,FALL,ymk,1,77.26,0.8,0.12
2019-10-10,5,282,40,10,FALL,,0,75.32,0.87,0.12
2019-10-11,6,283,40,10,FALL,,0,81.27,0.8,0.16
2019-10-12,7,284,40,10,COLUMBUS DAY,,0,84.21,0.8,0.12
2019-10-13,1,285,41,10,COLUMBUS DAY,,0,83.31,0.64,0.11
2019-10-14,2,286,41,10,COLUMBUS DAY,col|suk,1,83.3,0.64,0.08
2019-10-15,3,287,41,10,COLUMBUS DAY,,0,83.1,0.9,0.12
2019-10-16,4,288,41,10,FALL,,0,80.8,0.91,0.12
2019-10-17,5,289,41,10,FALL,utc,1,78.41,0.84,0.12
2019-10-18,6,290,41,10,FALL,utc,1,80.13,0.77,0.08
2019-10-19,7,291,41,10,FALL,,0,80.44,0.77,0.11
2019-10-20,1,292,42,10,FALL,,0,80.4,0.9,0.12
2019-10-21,2,293,42,10,FALL,sha,1,79.19,0.9,0.08
2019-10-22,3,294,42,10,FALL,,0,73.96,0.95,0.12
2019-10-23,4,295,42,10,FALL,,0,63.77,0.95,0.08
2019-10-24,5,296,42,10,FALL,,0,62.53,0.93,0.08
2019-10-25,6,297,42,10,FALL,nvd,1,66.78,0.85,0.08
2019-10-26,7,298,42,10,FALL,,0,69.79,0.85,0.07
2019-10-27,1,299,43,10,FALL,,0,60.53,0.89,0.08
2019-10-28,2,300,43,10,HALLOWEEN,,0,56.88,0.89,0.08
2019-10-29,3,301,43,10,HALLOWEEN,,0,61.11,0.95,0.04
2019-10-30,4,302,43,10,HALLOWEEN,,0,68.7,0.95,0.12
2019-10-31,5,303,43,10,HALLOWEEN,hal,1,71.25,0.94,0.08
2019-11-01,6,304,43,11,HALLOWEEN,,0,72.76,0.9,0.08
2019-11-02,7,305,43,11,JERSEY WEEK,,0,73.11,0.9,0.08
2019-11-03,1,306,44,11,JERSEY WEEK,,0,73.22,0.91,0.12
2019-11-04,2,307,44,11,JERSEY WEEK,,0,76.25,0.91,0.11
2019-11-05,3,308,44,11,JERSEY WEEK,elc,1,74.86,0.82,0.08
2019-11-06,4,309,44,11,JERSEY WEEK,,0,73.69,0.95,0.12
2019-11-07,5,310,44,11,JERSEY WEEK,njc,1,73.93,0.95,0.08
2019-11-08,6,311,44,11,JERSEY WEEK,njc,1,67.16,0.92,0.08
2019-11-09,7,312,44,11,JERSEY WEEK,,0,67.16,0.92,0.08
2019-11-10,1,313,45,11,JERSEY WEEK,,0,67.16,0.51,0.08
2019-11-11,2,314,45,11,JERSEY WEEK,vet,1,70.02,0.51,0.08
2019-11-12,3,315,45,11,FALL,,0,70.19,0.95,0.03
2019-11-13,4,316,45,11,FALL,,0,66.8,0.97,0.08
2019-11-14,5,317,45,11,FALL,,0,67.09,0.97,0.08
2019-11-15,6,318,45,11,FALL,,0,66.44,0.96,0.08
2019-11-16,7,319,45,11,FALL,,0,70.49,0.96,0.08
2019-11-17,1,320,46,11,FALL,,0,69.36,0.96,0.08
2019-11-18,2,321,46,11,FALL,,0,69.53,0.96,0.04
2019-11-19,3,322,46,11,FALL,,0,70.84,0.96,0.08
2019-11-20,4,323,46,11,FALL,,0,71.97,0.96,0.08
2019-11-21,5,324,46,11,FALL,,0,67.2,0.96,0.03
2019-11-22,6,325,46,11,THANKSGIVING,,0,72.12,0.95,0.08
2019-11-23,7,326,46,11,THANKSGIVING,,0,67.23,0.95,0.08
2019-11-24,1,327,47,11,THANKSGIVING,,0,68.38,0.51,0.08
2019-11-25,2,328,47,11,THANKSGIVING,,0,63.1,0.51,0.08
2019-11-26,3,329,47,11,THANKSGIVING,,0,68.32,0.5,0.08
2019-11-27,4,330,47,11,THANKSGIVING,,0,70.57,0.11,0.08
2019-11-28,5,331,47,11,THANKSGIVING,thk,1,70.72,0.0,0.08
2019-11-29,6,332,47,11,THANKSGIVING,,0,63.05,0.0,0.11
2019-11-30,7,333,47,11,THANKSGIVING,,0,63.71,0.0,0.08
2019-12-01,1,334,48,12,THANKSGIVING,,0,64.47,0.96,0.08
2019-12-02,2,335,48,12,THANKSGIVING,,0,69.53,0.96,0.08
2019-12-03,3,336,48,12,THANKSGIVING,,0,70.84,0.97,0.08
2019-12-04,4,337,48,12,WINTER,,0,71.97,0.97,0.08
2019-12-05,5,338,48,12,WINTER,,0,67.2,0.97,0.07
2019-12-06,6,339,48,12,WINTER,,0,72.12,0.96,0.08
2019-12-07,7,340,48,12,WINTER,,0,57.72,0.96,0.08
2019-12-08,1,341,49,12,WINTER,,0,48.46,0.97,0.08
2019-12-09,2,342,49,12,WINTER,,0,50.14,0.97,0.12
2019-12-10,3,343,49,12,WINTER,,0,57.28,0.97,0.08
2019-12-11,4,344,49,12,WINTER,,0,53.01,0.96,0.08
2019-12-12,5,345,49,12,WINTER,,0,57.39,0.97,0.08
2019-12-13,6,346,49,12,WINTER,,0,66.79,0.95,0.07
2019-12-14,7,347,49,12,WINTER,,0,63.52,0.95,0.08
2019-12-15,1,348,50,12,WINTER,,0,66.42,0.95,0.12
2019-12-16,2,349,50,12,WINTER,,0,71.3,0.95,0.08
2019-12-17,3,350,50,12,WINTER,,0,72.82,0.95,0.08
2019-12-18,4,351,50,12,CHRISTMAS,,0,71.27,0.95,0.12
2019-12-19,5,352,50,12,CHRISTMAS,,0,73.13,0.91,0.11
2019-12-20,6,353,50,12,CHRISTMAS,,0,68.56,0.74,0.08
2019-12-21,7,354,50,12,CHRISTMAS,,0,69.19,0.74,0.12
2019-12-22,1,355,51,12,CHRISTMAS,,0,69.19,0.0,0.08
2019-12-23,2,356,51,12,CHRISTMAS,han,1,69.19,0.0,0.12
2019-12-24,3,357,51,12,CHRISTMAS,cme,1,70.13,0.0,0.08
2019-12-25,4,358,51,12,CHRISTMAS,cmd,1,62.44,0.0,0.08
2019-12-26,5,359,51,12,CHRISTMAS,,0,63.53,0.0,0.07
2019-12-27,6,360,51,12,CHRISTMAS PEAK,,0,54.72,0.0,0.08
2019-12-28,7,361,51,12,CHRISTMAS PEAK,,0,56.74,0.0,0.08
2019-12-29,1,362,52,12,CHRISTMAS PEAK,,0,56.74,0.0,0.08
2019-12-30,2,363,52,12,CHRISTMAS PEAK,,0,56.74,0.0,0.04
